标题,标题翻译,链接,描述,描述翻译,内容,内容翻译
Ford files patent for drones to assist motorists stranded with ..., 福特的专利文件无人机协助司机被困……,https://nypost.com/2023/03/30/ford-files-patent-for-drones-to-assist-motorists-stranded-with-dead-batteries/,"30 thg 3, 2023 — Ford Motor Co. has filed a patent for a rescue drone that can jumpstart cars stranded on the side of the road with dead batteries."," 30 thg 2023——福特汽车公司(Ford Motor co .)已提交专利申请救援无人机,可以启动汽车被困在路边死去的电池。"," Ford files patent for drones to assist motorists stranded with dead batteries Primary Menu Sections Search Search Skip to search results News Metro Page Six Sports NFL MLB NBA NHL College Football College Basketball Post Sports+ Sports Betting Business Personal Finance Opinion Entertainment Oscars 2023 TV Movies Music Celebrities Awards Theater Shopping Lifestyle Weird But True Health Sex & Relationships Viral Trends Human Interest Parenting Fashion & Beauty Food & Drink Travel Real Estate Media Tech Astrology Video Photos Visual Stories Sub Menu 1 Today’s Paper Covers Columnists Horoscopes Sports Odds Podcasts Careers Sub menu 2 Email Newsletters Official Store Home Delivery Tips Search Email New York Post June 29, 2023 Search Search Recommended Skip to main content Tech FacebookTwitter Flipboard WhatsAppEmailCopy Ford files patent for drones to assist motorists stranded with dead batteries By  Lisa Fickenscher Social Links for Lisa Fickenscher View Author Archive email the author follow on twitter Get author RSS feed Contact The Author Name(required) Email(required) Comment(required) Submit Δ Thanks for contacting us. We've received your submission. Back to Reading March 30, 2023 12:55pm Updated March 31, 2023 3:54pm More On: ford Ford to ax at least 1,000 contract, salaried workers to offset billion-dollar EV investments Ford supervisor followed worker home, raped her in bedroom: lawsuit Ford CEO says Tesla’s Cybertruck is for ‘Silicon Valley people,’ not ‘real people who do real work’ GM adopts Tesla’s EV charging system in win for Elon Musk: ‘This is pretty huge’ Ford Motor Co. has filed a patent for a rescue drone that can jumpstart cars stranded on the side of the road with dead batteries. Ford vehicles of the future could be equipped with technology that allows them to transmit a request to a central computer system that dispatches drones that can deliver jumper cables or provide a charge directly from the drone, according to a patent filing published this week. The drones might also have the ability to open the car hood, according to the filing. The Detroit-based auto giant has been toying with the idea since April 2017 when it first filed a patent for this technology — and industry experts say it could be especially useful in rural areas. Ford Authority reported that the patent was assigned a serial number on March 28. In 2019, the company filed a patent for technology that would allow drones to launch from a vehicle’s trunk to alert emergency services when a car is in an accident or breaks down, according to Dronelife.com. A rendering by Ford showing how a drone could charge a dead car battery.Ford Ford executives have considered pairing drones with some of their “adventure” vehicles to capture video from above.AP The drone might shine a light and provide a precise GPS location, or turn on a siren, according to the report. “We submit patents on new inventions as a normal course of business, but they aren’t necessarily an indication of new business or product plans,” Ford said in a statement. Ford launched a drone division more than five years ago and has considered pairing drones with some of its “adventurous vehicles,” to let drivers capture “moments from above” by filming them while they drive, Ford scientist Adi Singh told Dronelife in 2018. “What do you do with vehicles like the Bronco and Raptor? You take them off-roading and you want to capture some of these nice moments,” Singh told the the site. Share this article: FacebookTwitter Flipboard WhatsAppEmailCopy Filed under battery driver safety drones ford patents 3/30/23 Read Next Sam Bankman-Fried reportedly paying legal bills with Alame... Top Concerts Vividseats: Official Ticketing Partner of New York Post Get seats. Earn rewards. Experience it live. Morgan Wallen 45 Shows |  Get Tickets Taylor Swift 20 Shows |  Get Tickets Drake 56 Shows |  Get Tickets Beyonce 36 Shows |  Get Tickets Pink 47 Shows |  Get Tickets See More Shows Trending Now on NYPost.com This story has been shared 184,505 times. 184,505 Madonna intubated in ICU after being found unresponsive in NYC This story has been shared 110,129 times. 110,129 First look at mangled wreckage of doomed Titan submersible as it's hauled ashore This story has been shared 67,721 times. 67,721 Michael Jordan steps out for rare date night with wife in Nashville This story has been shared 63,357 times. 63,357 Delta flight with 96 passengers aboard screeches across runway in North Carolina emergency landing This story has been shared 56,866 times. 56,866 Vanilla the chimp, caged for her entire life, sees sky for first time in heartwarming video What to shop Soak up summer savings with the 41 best Fourth of July sales: Dyson, Target, Best Buy, and more Keep your fur baby anxiety-free this 4th of July with thunder shirts, weighted blankets and more Dip into summertime nostalgia with the new FUNBOY x Drake 'Hotline Bling' pool float collab
 Log on for the best July 4th HP tech deals happening right now The 15 best Fourth of July indoor and outdoor furniture sales of 2023 Listen now     Now on Page Six Kim Kardashian brings glam team to take driver’s license pic: ‘Crazy’ but ‘I don’t care’ Kim Zolciak’s friend responds to Kroy Biermann’s alleged kidnapping threats: I had ‘permission’ Bravo planning ‘Vanderpump Rules’ spin-off with Jax Taylor, Kristen Doute, Brittany Cartwright: report See All Now on Decider ‘The View’: White House Press Secretary Karine Jean-Pierre Mysteriously No-Showed Today—Just Two Days After The Show Criticized Hunter Biden See All Video Apartment fail! Slob on couch ruins broker's showing More Stories Page Six Madonna rushed to hospital after being found unresponsive NYPost Madonna intubated in ICU after being found unresponsive in NYC Facebook Twitter Instagram LinkedIn Email YouTube Sections & Features News Metro Sports Sports Betting Business Opinion Entertainment Fashion & Beauty Shopping Lifestyle Real Estate Media Tech Health Travel Astrology Video Photos Visual Stories Alexa Covers Horoscopes Sports Odds Podcasts Columnists Classifieds Post Sports+ Subscribe Articles Manage Newsletters & Feeds Email Newsletters RSS Feeds NY Post Official Store Home Delivery Subscribe Manage Subscription Delivery Help Help/Support About New York Post Customer Service Apps Help Community Guidelines Contact Us Tips Newsroom Letters to the Editor Reprints Careers Vulnerability Disclosure Program Apps iPhone App iPad App Android Phone Android Tablet Advertise Self Service Media Kit Contact © 2023 NYP Holdings, Inc. All Rights Reserved Terms of Use Membership Terms Privacy Notice Sitemap Your California Privacy Rights Do Not Sell My Personal Information Share Link click to copy"," 福特文件无人机协助司机被困死电池专利申请主要菜单部分搜索搜索跳转到搜索结果新闻地铁第六页体育橄榄球大联盟NBA NHL学院足球学院篮球后运动+体育博彩业务个人理财的观点娱乐2023年奥斯卡电视电影音乐名人奖戏剧购物生活方式很奇怪,但是真正的健康性与人际关系病毒趋势人类利益育儿时装和美容食物&饮料旅游房地产媒体科技占星术视频照片视觉故事子菜单1今天的报纸封面专栏作家星座体育几率播客职业子菜单2电子邮件时事通讯官方商店送货上门提示搜索邮件纽约邮报6月29日,2023年搜索搜索建议跳过主要内容技术FacebookTwitter Flipboard WhatsAppEmailCopy福特无人机专利申请文件协助司机被困死电池丽莎丽莎Fickenscher视图Fickenscher社会联系作者存档邮件作者遵循在twitter上得到作者RSS提要联系作者姓名(必需)电子邮件(必需)评论(必需)提交Δ谢谢联系我们。 我们已经收到您提交。 回读2023年3月30日12:55pm更新3月31日2023 3:54pm:福特福特ax至少1000合同,受薪工人来抵消投资数十亿美元的电动汽车福特主管跟着工人回家,强奸了她在卧室:诉讼福特CEO说,特斯拉的Cybertruck硅谷人”,不是“真正做实际工作的人的通用汽车采用特斯拉电动汽车充电系统在赢得Elon Musk:“这是相当巨大”福特汽车公司(ford Motor co .)提起专利申请救援无人机,可以启动汽车被困在路边死去的电池。 福特汽车的未来可能会配备技术允许他们传输请求一个中央计算机系统,派遣无人机能够提供跨接电缆或直接从无人机提供电荷,根据本周公布的一份专利申请。 无人机也有能力打开汽车罩,根据申请。 底特律的汽车巨头2017年4月以来一直在玩弄这个想法当它第一次申请了这项技术的专利,行业专家说,这可能是在农村地区尤其有用。 福特的权威报道,专利被分配一个序列号3月28日。 2019年,该公司申请的专利技术,使无人机发射从汽车的后备箱警报紧急服务当一辆汽车在一次事故中或分解,根据Dronelife.com。 福特的呈现展示无人机可能死汽车电池充电。 福特福特高管认为无人机搭配他们的一些“探险”工具来捕获视频从上面。 美联社无人机可能光照,并提供一个精确的GPS定位,或打开警报,根据该报告。 “我们提交新的发明专利作为一个正常的业务,但他们不一定表明新业务或产品的计划,”福特在一份声明中说。 福特推出了一个无人机部门5年多前,考虑无人机搭配一些冒险的车辆,“让司机捕捉“时刻从上面”拍摄他们开车时,福特科学家Adi辛格在2018年对Dronelife说。 “你怎么处理车辆像野马和猛禽? 你带他们越野希望捕获这些美好的时刻,”辛格告诉该网站。 本文分享:FacebookTwitter Flipboard WhatsAppEmailCopy提起下电池驱动安全无人机福特专利3/30/23读下山姆Bankman-Fried据说支付法律费用与Alame…… 顶级演唱会Vividseats:官方票务伙伴纽约邮报获得席位。 获得的回报。 体验生活。 摩根·沃伦45显示|买到票泰勒•斯威夫特20显示|买到票德雷克56显示|买到票碧昂斯36显示|买到票粉红色47显示|买到票在NYPost.com上看到更多的显示趋势现在这个故事已被分享184505次。 184505年麦当娜插管后在加护病房被发现在纽约没有响应这个故事已被分享110129次。 110129年第一次看到注定支离破碎的残骸泰坦潜水器拖上岸的这个故事已被分享67721次。 67721年乔丹步骤为罕见的约会之夜与妻子在纳什维尔这个故事已被分享63357次。 63357三角洲飞行96乘客捡球在北卡罗来纳州紧急着陆跑道这个故事已被分享56866次。 56866香草黑猩猩,关在笼子里对她的整个人生,第一次看到天空感人的视频购物什么夏天吸收储蓄的41个最好的7月4日销售:戴森,目标,百思买,更让你的毛皮婴儿anxiety-free这个7月4日与雷声衬衫,加权毯子和动用夏季怀旧与新FUNBOY x德雷克池浮collab热线珠光宝气
 登录最好的7月4日惠普科技交易发生现在最好的15 2023年7月4日室内和户外家具销售听现在六页金·卡戴珊带来迷人的团队采取的驾照图片:“疯狂”,但“我不在乎”金Zolciak的朋友响应Kroy比尔曼涉嫌绑架威胁:我有“许可”布拉沃规划Vanderpump规则的分拆与Jax泰勒,克里斯汀怀疑,布列塔尼卡特赖特:报告现在看到所有决策者“视图”:白宫新闻秘书Karine jean - pierre神秘的缺席今天两天节目后批评猎人拜登看到所有视频公寓失败! 懒汉在沙发上废墟代理展示更多的故事第六页麦当娜送往医院后发现没有响应NYPost麦当娜插管后在ICU在纽约被发现反应迟钝的Facebook Twitter Instagram LinkedIn YouTube邮件部分新闻地铁体育体育博彩业务的意见&功能娱乐时尚&美购物生活方式房地产媒体科技健康旅游占星术视频照片视觉故事Alexa覆盖星座体育几率播客专栏作家分类发布体育+订阅文章管理通讯&订阅电子邮件时事通讯RSS提要纽约邮报》官方商店送货上门订阅管理订阅帮助帮助/支持纽约邮报交付客户服务应用程序帮助社区指南建议联系我们编辑部写信给编辑重印的职业弱点披露iPhone应用程序应用Android手机安卓平板电脑iPad应用程序广告自助服务媒体资料包接触©2023 NYP控股有限公司版权所有使用条款会员条款隐私通知站点地图你加州隐私权不卖我的个人信息点击复制分享链接"
Amazon.com: Original DJI Quadcopter Drone Patent Prints, Amazon.com:原始收四轴飞行器无人机专利打印,https://www.amazon.com/Original-Quadcopter-Drone-Patent-Prints/dp/B06XSFLQ9T,Buy Original DJI Quadcopter Drone Patent Prints - Set of Four Photos (8x10) Unframed - Makes a Great Man Cave Decor and Gift Under $20 for Quadcopter Fans: ...," 购买原始收四轴飞行器无人机专利打印——的四张相片(8 x10)无边框的,使一个伟大的人洞穴装饰和礼品20美元以下四轴飞行器的粉丝:……","无
法
获
取
页
面
内
容"," There is no
 method
 a
 take
 page
 surface
 Within the
 let"
Interesting Patents | USAA – New Autonomous Drone System ..., 有趣的专利| USAA保险公司-新的自主无人机系统…,https://founderslegal.com/interesting-patents-usaa-new-autonomous-drone-system-could-revolutionize-accident-response/,"14 thg 2, 2023 — This week, USAA was issued a patent for an autonomous drone system that could be automatically deployed in response to vehicle accidents or ..."," 本周14 thg 2, 2023 -, USAA保险公司发布的专利自主无人机系统,可以自动部署在应对交通事故还是……"," Interesting Patents | USAA - New Autonomous Drone System Could Revolutionize Accident Response February 14, 2023 | Founders Legal® | Bekiares Eliezer LLP 800-530-4983 AI-Powered Patent Search Schedule Consultation Primary Menu Practice Areas Advanced Technology Law Business & Corporate Law Corporate Law Capital Raising Corporate Legal Advice for SaaS-focused Businesses Partnership Building: Leverage Relationships to Grow Revenue Data Privacy & Cybersecurity Law Intellectual Property Law Entertainment & Sports Legal Services Patent Services Patent Law Patent Prosecution Industry Stats Professional Patent Search Design for Patentability – Patent Search Novelty Landscape – Patent Search Strategic Novelty Landscape – Patent Search Design Patent Application Provisional Patent Application Utility Patent Application Foreign Patent Filings Trademark Services Our Legal Team About Founders Legal Industries Served Meet Our Legal Team FoundHERs™ – Women Innovators in Legal, Tech, and Business Join Founders Legal® – Attorney Careers News & Resources AI-Powered Patent Search Media & Public Relations News & Resource Center Interesting Patents USPTO Section 101 Rejection – Patent Subject Matter Eligibility Locations Atlanta Headquarters Nashville Washington D.C. Contact Us Request Free Consultation Media & Public Relations +1 800-530-4983 Attorney Careers Interesting Patents | USAA – New Autonomous Drone System Could Revolutionize Accident Response    Intellectual Property Interesting Patents February 14, 2023 Interesting Patents | Tuesday, February 14, 2023 The United States Patent and Trademark Office (USPTO) grants hundreds of new patents every week, showcasing developments in technology and innovation. In our Interesting Patents series, we highlight exciting US patents recently issued by the USPTO. Looking for more information on patents? Want to run a free AI-Powered Prior Art Patent Search? We also offer useful Intellectual Property News & Resources with guides, videos, and insight on patents and inventorship. Think you might need a legal professional? Check out our Tips on Choosing a Patent Lawyer and contact us if you’d like a free consultation.  New Autonomous Drone System Could Revolutionize Accident Response USAA | US PAT. NO. 11,579, 633 b1 INVENTION OVERVIEW: This week, USAA was issued a patent for an autonomous drone system that could be automatically deployed in response to vehicle accidents or other triggering events. The system is designed to capture information relevant to the accident or event for insurance companies, police, or other authorities to help respond to and investigate the event. The autonomous drone is stored in a compartment inside a vehicle and can be deployed using a launch device that provides an upward force to launch the drone from the compartment. To protect the drone, the compartment has a cover that protects the drone from tampering and debris. While in the compartment, the system uses several sensors to detect the triggering event and determine when to deploy the drone. Once deployed, the drone unfolds its flying mechanisms and sensors to capture images or videos of the triggering event. In other situations, the drone system can follow a fleeing suspect or obtain information about an accident or triggering event. This new technology could be used by insurance companies, police, or other authorities to gather data and improve their response times to accidents or other events. The drone can obtain images or videos from various angles and orientations depending on the characteristics of the event, such as the scale and the location of the event. The recorded data is then stored and can be uploaded to cloud storage, mobile device storage, or stored locally on the drone. Once the information has been collected, it can be distributed to help respond to and investigate the accident. This patent may benefit drivers, insurers, and law enforcement. It could significantly reduce the response times to accidents and provide vital information to insurance companies and other authorities. This technology has the potential to revolutionize accident response and provide a faster, more efficient service to those who need it. PATENT ABSTRACT:
 Methods and systems for automatically deploying an autonomous drone from a vehicle in response to a triggering event or accident so that data associated with the triggering event or accident may be automatically obtained are described. In one embodiment, a method for deploying an autonomous drone in response to a triggering event is described. The method includes providing an autonomous drone in a vehicle. The method also includes detecting a triggering event associated with the vehicle. Upon detection of the triggering event, the method includes automatically deploying the autonomous drone from the vehicle. The method further includes implementing, by the autonomous drone, a plurality of automatic actions, including recording data associated with the vehicle in which the autonomous drone is provided. INTERESTING PATENTS BY FOUNDERS LEGAL Founders Legal® (Bekiares Eliezer LLP) is a boutique law firm headquartered in Atlanta, GA, USA, that focuses exclusively on complex matters in the areas of Patents and Intellectual Property, Corporate, Transactional, Securities and Data Privacy Law. Founders Legal is composed of highly skilled and experienced attorneys who are diverse in disciplines and specialized in their unique areas of practice. Founders Legal is dedicated to creating, utilizing, and continually iterating upon the latest software, technology, and processes to maximize efficiency and provide uncompromising value to its clients. For more information, please contact Founders Legal or schedule a free consultation with one of our attorneys. MORE INTERESTING PATENTS: Interesting Patents | Revolutionizing Furniture Safety with a New Anti-Tipping MechanismLearn about a new game-changer in furniture safety. By preventing furniture from tipping over, it reduces the risk of accidents, making homes safer, especially for households with toddlers. Interesting Patents | Revolutionizing Furniture Safety with a New Anti-Tipping MechanismLearn about a new game-changer in furniture safety. By preventing furniture from tipping over, it reduces the risk of accidents, making homes safer, especially for households with toddlers. View the Post Interesting Patents | Nintendo and Pokémon Company’s New Patent ApplicationDiscover Nintendo and The Pokémon Company’s innovative patent application set to revolutionize the gaming experience. Learn how this new technology enhances interactivity and strategy, allows players to recover lost items, fosters community, and ensures a dynamic gaming environment. Interesting Patents | Nintendo and Pokémon Company’s New Patent ApplicationDiscover Nintendo and The Pokémon Company’s innovative patent application set to revolutionize the gaming experience. Learn how this new technology enhances interactivity and strategy, allows players to recover lost items, fosters community, and ensures a dynamic gaming environment. View the Post Interesting Patents | L’OREAL: Revolutionizing Makeup with a New Era of Personalized Virtual Try-OnsL’OREAL introduces a system and method that allows users to virtually try on makeup with remarkable accuracy. Interesting Patents | L’OREAL: Revolutionizing Makeup with a New Era of Personalized Virtual Try-OnsL’OREAL introduces a system and method that allows users to virtually try on makeup with remarkable accuracy. View the Post Interesting Patents | Snap: Geolocation Based Playlists + D’Addario: Synthetic Reed With Cane ParticlesSnap’s Geolocation Based Playlists and a Synthetic Reed with Cane Particles: the Perfect Blend of Nature and Technology Interesting Patents | Snap: Geolocation Based Playlists + D’Addario: Synthetic Reed With Cane ParticlesSnap’s Geolocation Based Playlists and a Synthetic Reed with Cane Particles: the Perfect Blend of Nature and Technology View the Post Related Posts Combination Pillow and Crash Helmet – Interesting Patents After stuffing your face with every type of dip imaginable and screaming at the TV for 4 hours, the Monday… 02 Feb 2015 Airbus Files Patent for New Commercial Aircraft Airbus, formerly known as the European aerospace and defense group, has filed a patent for a revolutionary commercial aircraft design…. 17 Nov 2014 Creepiest Thanksgiving Patent Move over paper hand turkey! The search is finally over for the perfect Thanksgiving centerpiece. With the Gourd Head, you… 13 Nov 2014 Apple’s Latest Patent – Docking Station 28 Oct 2014 Amazon’s New Patent Enhances E-books E-books are about to be fully loaded with Amazon’s new Patent #8478662 entitled “Customized electronic books with supplemental content”, originally… Apple’s New Patents and What It Means For Travel Apple was granted 37 patents recently according to a report from Patently Apple. Out of the series of granted patents, Patently… Interesting Patents: 3D Printed Medicine?! 15 Jan 2021 Interesting Patents: Twitter’s Latest Patent Filing Seeks to Identify “Fake News” Propagation
 On February 18th, The USPTO published a patent application from Twitter, titled “Method of News Evaluation in Social Media Networks.” The method aims at identifying and evaluating news messages and their propagating behavior. 18 Feb 2021 Interesting Patents: NASA Patents New Method of Propulsion NASA was issued a patent for a new method of propulsion this week. This method is for vacuum arc thrusters for spacecraft, and propulsion systems including the same. This vacuum arc thruster (VAT) involves using anode and a cathode producing a high voltage arc capable of creating plasma. This plasma is then focused and directed out of a nozzle to create thrust through the use of magnetic fields. The cathode of the device is consumed as fuel as the propulsion device operates. 23 Feb 2021 Interesting Patents: Tesla’s Camouflaging Solar Panels This week Tesla was issued a patent regarding a method of obscuring, color matching, and camouflaging solar panels. This patent appears to be directed towards disguising roof mounted solar panels through the use of a layered encapsulation method with a specifically structured shutter. 02 Mar 2021 Interesting Patents: Boeing’s Hybrid Turbine Engines This week Boeing was issued a patent for a new type of Hybrid Turbine Engines. Traditionally Electric engines are not feasible for aviation purposes, they either do not provide enough power, or the batteries required make the plane too heavy. 09 Mar 2021 Interesting Patents: Sony’s Gaming System This week Boeing was issued a patent for a new type of Hybrid Turbine Engines. Traditionally Electric engines are not feasible for aviation purposes, they either do not provide enough power, or the batteries required make the plane too heavy. 11 Mar 2021 Interesting Patents: Ford’s Anxiety Reducing System Today’s Ford patent application seeks to address autonomous anxiety. Here’s the full scoop. Interesting Patents: IBM’s Copy and Paste Enhancement The system is set up to work between multiple cloud-based computerized environments as a third party processor to process software objects. 18 Mar 2021 Interesting Patents: Facebook Using Machine Learning to Recommend Music This patent discloses a method of leveraging machine learning models to recommend media content based on user media interaction.  Founders Legal® is a boutique Corporate, Intellectual Property, and Data Privacy law firm that specializes in the areas of patents, trademarks, intellectual property, corporate, transactional, data privacy, and securities law. Trusted by thousands of clients nationwide. Schedule a Free, 15-Minute Phone Consultation with an Attorney. Free Legal Resources & Guides: Agreements Business & Corporate Data Privacy Entertainment Founders Legal News Aaron C. Rice Amit Patel Andrei D. Tsygankov David Pierce Jeff Bekiares John DeStefano Josh Slovin Kennington Groff Kevin T. Bastuba Robert Wiesenberg Stan Sater Yuri Eliezer Zach Eyster Intellectual Property Interesting Patents SEC Securities Video Recent Posts New Associate Attorney, Melanie Lane, Strengthens our Trademark and Litigation TeamsJune 28, 2023 Interesting Patents | Revolutionizing Furniture Safety with a New Anti-Tipping MechanismJune 27, 2023 Interesting Patents | Nintendo and Pokémon Company's New Patent ApplicationJune 22, 2023 The information provided on this website is intended for general informational purposes only and should not be construed as legal advice on any matter and should not be relied upon as a substitute for professional legal counsel. If you require legal assistance, please consult with a qualified attorney to discuss your specific situation and obtain personalized advice. Using this website or contacting us does not create an attorney-client relationship. Please do not send any confidential information to us until such time as an attorney-client relationship has been established. We do not represent the clients for patents or applications mentioned in Interesting Patents articles or our 101 Rejection Analysis Database, a curated library of techniques to overcome subject eligibility matter rejections under 35 U.S.C §101, based on successfully prosecuted patents. The analysis is contributed by our patent scholars, comprised of registered patent attorneys and patent agents. For further details, please refer to our Legal Notice. Founders Legal® Reception Available 24/7 In-Office Hours, Available by Appointment: Monday – Friday: 8:30am – 5:30pm Saturday – Sunday: Closed Toll Free: +1 800-530-4983 Atlanta Office: +1 404-537-3686 Nashville Office: +1 615-551-2925  Representing Clients Nationwide Atlanta · Nashville · Washington D.C.  Atlanta Headquarters: 3344 Peachtree Rd NE, Suite 800 Atlanta, GA 30326 Founders Home ABOUT FOUNDERS LEGAL® ATTORNEY CAREERS CONTACT US FREE PATENT SEARCH TOOL MEDIA & PUBLIC RELATIONS OUR LEGAL TEAM PAYMENT PORTAL PRIVACY POLICY SITE LEGAL NOTICE PRACTICE AREAS PRACTICE AREAS Advanced Technology Law Business & Corporate Law SaaS Legal Services
 Corporate Legal Services Outsourced Corporate Counsel Support Data Privacy Law Intellectual Property Law Patent Services Patent Search Provisional Patent Utility Patent Design Patent International Patent Trademark Services USPTO Trademark Search U.S. Trademark Application International Trademark Filing Trademark Enforcement Defensive Trademark Actions Entertainment Law News & Resource Center NEWS AND RESOURCE CENTER 101 Rejection Analysis Database AI-Powered PRIOR ART SEARCH Founders Legal News Business and Corporate News and Resources Data Privacy News and Resources Intellectual Property News and Resources  ©2023 Bekiares Eliezer LLP. All Rights Reserved. Founders Legal® is a Registered Trademark of Bekiares Eliezer LLP Founders Legal (Bekiares Eliezer LLP) is a Corporate & Intellectual Property Law Firm based in Atlanta, Georgia USA, that focuses exclusively on complex matters in the areas of Intellectual Property Law, Corporate Law, Transactional Law, Data Privacy Law, and Securities law. We are using cookies to give you the best experience on our website. You can find out more about which cookies we are using or switch them off in settings. Close GDPR Cookie Banner Accept Reject Settings Close GDPR Cookie Banner Close When you visit our website, it may store information through your browser from specific services, usually in form of cookies. Continue Our Privacy Policy Test Close GDPR Cookie Settings Privacy Overview Strictly Necessary Cookies Powered by GDPR Cookie Compliance Privacy Overview This website uses cookies so that we can provide you with the best user experience possible. Cookie information is stored in your browser and performs functions such as recognising you when you return to our website and helping our team to understand which sections of the website you find most interesting and useful. Strictly Necessary Cookies Strictly Necessary Cookie should be enabled at all times so that we can save your preferences for cookie settings. Enable or Disable Cookies If you disable this cookie, we will not be able to save your preferences. This means that every time you visit this website you will need to enable or disable cookies again. Enable All Reject All Save Changes"," Interesting Patents | USAA - New Autonomous Drone System Could Revolutionize Accident Response February 14, 2023 | Founders Legal® | Bekiares Eliezer LLP 800-530-4983 AI-Powered Patent Search Schedule Consultation Primary Menu Practice Areas Advanced Technology Law Business & Corporate Law Corporate Law Capital Raising Corporate Legal Advice for SaaS-focused Businesses Partnership Building: Leverage Relationships to Grow Revenue Data Privacy & Cybersecurity Law Intellectual Property Law Entertainment & Sports Legal Services Patent Services Patent Law Patent Prosecution Industry Stats Professional Patent Search Design for Patentability – Patent Search Novelty Landscape – Patent Search Strategic Novelty Landscape – Patent Search Design Patent Application Provisional Patent Application Utility Patent Application Foreign Patent Filings Trademark Services Our Legal Team About Founders Legal Industries Served Meet Our Legal Team FoundHERs™ – Women Innovators in Legal, Tech, and Business Join Founders Legal® – Attorney Careers News & Resources AI-Powered Patent Search Media & Public Relations News & Resource Center Interesting Patents USPTO Section 101 Rejection – Patent Subject Matter Eligibility Locations Atlanta Headquarters Nashville Washington D.C. Contact Us Request Free Consultation Media & Public Relations +1 800-530-4983 Attorney Careers Interesting Patents | USAA – New Autonomous Drone System Could Revolutionize Accident Response    Intellectual Property Interesting Patents February 14, 2023 Interesting Patents | Tuesday, February 14, 2023 The United States Patent and Trademark Office (USPTO) grants hundreds of new patents every week, showcasing developments in technology and innovation.  在我们的有趣的专利系列中,我们强调USPTO最近发表的令人兴奋的美国专利。 寻找更多关于专利的信息? 想要运行一个免费AI-Powered先前技术专利搜索? 我们还提供了有用的知识产权新闻和资源指南,视频,在专利和inventorship和洞察力。 认为你可能需要一个法律专业吗? 看看我们建议选择专利律师和联系我们如果你想要一个免费的咨询服务。  New Autonomous Drone System Could Revolutionize Accident Response USAA | US PAT. 不。 11579、633 b1发明概述:本周,USAA保险公司发布的专利自主无人机系统,可以自动部署在应对交通事故或其他触发事件。 系统旨在捕捉信息与保险公司的事故或事件,警察,或其他部门帮助应对调查事件。 自主无人机存储在一个隔间内车辆和可以使用发射设备部署提供了一个向上的力发射的无人驾驶飞机舱。 为了保护无人机,车厢里有一个封面,可以保护篡改和碎片的无人驾驶飞机。 在隔间里,系统使用多个传感器来检测触发事件和确定何时部署无人机。 一旦部署,无人机展开其飞行机制和传感器捕获的图像或视频触发事件。 在其他情况下,无人机系统可以遵循一个逃跑的嫌疑人或获取事故或触发事件的信息。 这种新技术可以由保险公司、警察或其他当局收集数据,提高事故或其他事件的响应时间。 无人机可以获得图像或视频从不同的角度和方向取决于事件的特点,如规模和事件的位置。 记录的数据就可以上传到云存储,存储和移动设备存储或存储在本地的无人驾驶飞机。 一旦信息被收集,分发给帮助应对和事故调查。 这项专利可能受益的司机、保险公司和执法。 它可以显著降低响应时间事故和保险公司和其他部门提供重要信息。 这种技术有潜力改变事故响应并提供更快、更高效的服务给需要它的人。 专利文摘:
 方法和系统自动部署一个自治无人机从车辆响应触发事件或事故,以便与触发事件或事故相关数据可以自动获得。 在一个体现,一个方法用于部署一个自治无人机在回答一个触发事件。 该方法包括提供车辆的自主飞行的无人驾驶飞机。 该方法还包括检测与车辆相关的触发事件。 在触发事件的检测,该方法包括自动部署车辆的自主飞行的无人驾驶飞机。 方法进一步包括实现自主飞行的无人驾驶飞机,一个多元化的自动操作,包括记录数据与车辆相关的自主飞行的无人驾驶飞机。 有趣的专利由创始人法律创始人法律®(Bekiares以利以谢LLP)是一个小型律师事务所总部设在亚特兰大,乔治亚州,美国,只关注复杂问题领域的专利和知识产权、企业、事务性、证券和数据隐私法律。 创始人法律是由多样化的高素质和经验丰富的律师在他们独特的学科和专业领域的实践。 创始人法律致力于创造、利用和不断迭代在最新的软件,技术,流程效率和最大化为其客户提供坚定的价值。 有关更多信息,请联系创始人法律或安排一个免费的咨询服务与我们的律师之一。 更有趣的专利:有趣的专利|革新家具安全新Anti-Tipping MechanismLearn新的改变家具的安全。 通过阻止家具引爆,它减少了事故的风险,让家庭更安全,尤其是对有幼儿的家庭。 有趣的专利|革新家具安全新Anti-Tipping MechanismLearn新的改变家具的安全。 通过阻止家具引爆,它减少了事故的风险,让家庭更安全,尤其是对有幼儿的家庭。 查看文章有趣的专利|任天堂和口袋妖怪公司的新专利ApplicationDiscover任天堂和口袋妖怪的创新专利申请将彻底改变游戏体验。 了解这种新技术提高交互性和策略,允许玩家恢复丢失物品,培养社区,并确保一个动态的游戏环境。 有趣的专利|任天堂和口袋妖怪公司的新专利ApplicationDiscover任天堂和口袋妖怪的创新专利申请将彻底改变游戏体验。 了解这种新技术提高交互性和策略,允许玩家恢复丢失物品,培养社区,并确保一个动态的游戏环境。 查看文章有趣的专利|欧莱雅:革新化妆与个性化的新时代虚拟Try-OnsL家族介绍一个系统和方法,允许用户几乎试妆的准确性。 有趣的专利|欧莱雅:革新化妆与个性化的新时代虚拟Try-OnsL家族介绍一个系统和方法,允许用户几乎试妆以惊人的准确性。 查看文章有趣的专利|吸附:基于地理定位播放列表+达达里奥:合成里德与甘蔗ParticlesSnap基于地理定位的播放列表和一个合成与甘蔗粒子里德:自然与科技的完美结合有趣的专利|吸附:基于地理定位播放列表+达达里奥:合成里德与甘蔗ParticlesSnap基于地理定位的播放列表和一个合成与甘蔗粒子里德:自然与科技的完美结合视图后相关的帖子枕头和安全帽,有趣的专利组合填料后你的脸的每一种倾角和尖叫在4个小时的电视,周一…2015年2月02空客新的商用飞机空客专利申请文件,原名欧洲航空航天和国防集团提交了一个革命性的专利申请商用飞机设计…。 2014年11月17日的最恐怖的感恩节专利移动纸手土耳其! 终于在寻找完美的感恩节核心。 葫芦头,你…2014年11月13日苹果最新的专利——对接站2014年10月28日,亚马逊的新专利提高电子书电子书将满载亚马逊的新专利# 8478662题为“与补充内容定制的电子图书”,最初…苹果的新专利和意味着什么旅游苹果获得了37个专利最近的一份报告显示明显的苹果。 授予专利的系列,显然…有趣的专利:3 d印刷药吗? ! 2021年1月15日有趣的专利:Twitter的最新专利申请旨在识别“假新闻”传播
 2月18日,美国专利商标局公布专利申请从Twitter,题为“新闻评估社交媒体网络的方法。 “方法旨在识别和评估新闻消息和他们的传播行为。 NASA 18 2021年2月有趣的专利:专利的新方法推进美国宇航局发布的专利本周推进的新方法。 该方法对真空电弧推进器航天器,和推进系统包括相同的。 这个真空电弧推进器(增值税)涉及使用阳极和阴极产生的高压电弧产生等离子体。 然后该等离子体集中和导演喷嘴产生的推力通过使用磁场。 的阴极装置消耗燃料推进设备操作。 2021年2月23日有趣的专利:特斯拉的伪装太阳能电池板本周特斯拉发表了一份关于模糊的方法专利,配色,伪装太阳能电池板。 这项专利似乎指向伪装屋顶安装太阳能电池板通过使用分层封装方法特别是结构化的快门。 02 2021年3月有趣的专利:波音公司的混合动力涡轮发动机本周波音发表专利一种新型混合动力涡轮发动机。 传统的电动引擎并不可行的用于航空,他们要么不提供足够的电力,或所需的电池使飞机太重了。 09年2021年3月有趣的专利:索尼的游戏系统本周波音发布的专利的新型混合动力涡轮发动机。 传统的电动引擎并不可行的用于航空,他们要么不提供足够的电力,或所需的电池使飞机太重了。 2021年3月11日有趣的专利:福特的焦虑减少系统今天福特的专利申请寻求解决自治的焦虑。 这是完整的独家新闻。 有趣的专利:IBM的复制和粘贴增强系统设置多个云之间的计算机工作环境作为第三方处理器处理软件对象。 2021年3月18日有趣的专利:Facebook使用机器学习推荐音乐专利公开了一种方法,利用机器学习模型推荐基于用户交互媒体的媒体内容。 创始人法律®是一个精品企业,知识产权,和数据隐私法律事务所,专门领域的专利、商标、知识产权、公司、事务性数据隐私,和证券法律。 全国数以千计的客户信任。 安排一个免费的,15分钟的电话咨询一位律师。 自由法律资源和指导:协议商业和企业数据隐私娱乐创始人法律新闻亚伦c .大米Amit Patel安德烈·d·Tsygankov大卫皮尔斯杰夫Bekiares约翰DeStefano群众Groff凯文·t·乔希Slovin Bastuba罗伯特Wiesenberg斯坦萨特尤里以利以谢扎克Eyster有趣的知识产权专利证交会证券视频最近发布了新助理律师,梅勒妮,加强了我们的商标和诉讼TeamsJune 28日2023有趣的专利|革新家具安全新Anti-Tipping MechanismJune 27日2023有趣的专利|任天堂和口袋妖怪公司新的专利ApplicationJune 22日,2023年在这个网站上提供的信息仅用于一般资讯用途,不应被解释为法律建议在任何物质和不应该依赖代替专业的法律顾问。 如果你需要法律援助,请咨询一个合格的律师讨论您的具体情况和获得个性化的建议。 使用本网站或联系我们并没有创建一个委托服务关系。 请不要发送任何机密信息给我们直到一个委托服务关系已经建立。 我们不代表客户专利或应用程序中提到的有趣的文章或专利我们101年拒绝分析数据库,策划库技术来克服拒绝35岁以下美国主体资格问题 C§101,基于成功起诉专利。 分析是由我们的专利学者,由注册专利律师、专利代理人。 为进一步的细节,请参阅我们的法律通知。 创始人法律®接待办公室24/7小时,可用任命:周一——周五:8:30 -下午五点半周六周日:关闭免费:+ 1 800-530-4983亚特兰大办公室:+ 1 404-537-3686纳什维尔办公室:+ 1 615-551-2925代表客户全国亚特兰大·纳什维尔·华盛顿亚特兰大总部:3344年桃树Rd NE,套件800年亚特兰大,佐治亚州30326创始人家创始人法律®律师职业联系我们免费专利搜索工具媒体与公共关系我们的法律团队通知付款门户网站隐私政策法律实践领域实践领域先进技术法律业务&公司法SaaS法律服务
 Corporate Legal Services Outsourced Corporate Counsel Support Data Privacy Law Intellectual Property Law Patent Services Patent Search Provisional Patent Utility Patent Design Patent International Patent Trademark Services USPTO Trademark Search U.S. Trademark Application International Trademark Filing Trademark Enforcement Defensive Trademark Actions Entertainment Law News & Resource Center NEWS AND RESOURCE CENTER 101 Rejection Analysis Database AI-Powered PRIOR ART SEARCH Founders Legal News Business 和 Corporate News 和 Resources Data Privacy News 和 Resources Intellectual Property News 和 Resources  ©2023 Bekiares Eliezer LLP. 保留所有权利。 创始人法律®是一个注册商标的Bekiares以利以谢LLP法律(Bekiares以利以谢LLP)是一个公司创始人&知识产权律师事务所总部位于亚特兰大,乔治亚州美国专门集中于复杂问题领域的知识产权法律,法律,企业法律事务、数据隐私法和证券法律。 我们使用的是饼干给你最好的经验在我们的网站上。 你可以找到更多关于我们使用cookie或开关在设置。 关闭GDPR横幅接受拒绝设置关闭GDPR甜饼横幅关闭当你访问我们的网站,它可以通过浏览器存储信息从特定的服务,通常在形式的饼干。 继续我们的隐私政策测试关闭GDPR Cookie设置隐私概述必要饼干由GDPR饼干合规隐私概述本网站使用Cookie,这样我们可以为您提供最好的用户体验。 Cookie信息存储在你的浏览器和执行功能,如承认你当你回到我们的网站并帮助我们的团队理解网站的哪些部分你觉得最有趣的和有用的。 必要饼干必要启用Cookie应该在任何时候,这样我们可以节省对饼干的偏好设置。 启用或禁用饼干如果你禁用这个饼干,我们将无法保存您的偏好。 这意味着每次你访问这个网站,你需要再次启用或禁用饼干。 启用所有拒绝保存更改"
A Patent Dataset for Drone Technology • drones, 无人机技术•无人机的专利数据集,https://wipo-analytics.github.io/drones/,The datasets are intended to be used for training in patent analytics by providing access to raw and cleaned data in one place. The main drones dataset consists ..., 数据集的目的是用于培训专利分析提供原始和清洁数据在一个地方。 主要的无人机数据集包括……," A Patent Dataset for Drone Technology • drones drones 0.0.0.9000 Reference The Drones Patent Dataset The drones package provides access to patent datasets containing references to drones in the text. The datasets are intended to be used for training in patent analytics by providing access to raw and cleaned data in one place. The main drones dataset consists of 15,570 patent applications that refer to the word drone or drones somewhere in the text. The dataset is based on a search of patent documents from the main patent jurisdictions for the period 1845 to 2017 using the Clarivate Analytics Derwent Innovation database. Additional supplementary datasets may be provided in future updates. The data within the drones package is intended exclusively for use in training in patent analytics as described on the WIPO analytics home page. It is important to note that the dataset is deliberately noisy in order to work on methods for cleaning data. This is a training dataset and is not intended to be used to make definitive statements about patent activity for drone technology and it is not expected to be complete. The drones patent dataset is part of work in progress on the WIPO Patent Analytics Handbook. The drones dataset is contained in an R package but you can use the drones dataset with or without R. Download for use outside RStudio If you want to work outside RStudio you can download the core drones reference file as a zip file containing the data in .csv format here. Other datasets within the R package are simply subsets of the core datasets. See the online reference page for details. Install in RStudio If you are using RStudio then you can import the package from Github as follows. If you need to install RStudio follow the instructions to install R here and RStudio here Make sure you have devtools installed and it is a very good idea to install the tidyverse if you don’t have it already. install.packages(""devtools"") install.packages(""tidyverse"") Next install the drones package. devtools::install_github(""wipo-analytics/drones"") library(drones) What is in the datasets The datasets are fully documented inside the R package. The core drones dataset is a table with 15,570 observations of 22 variables: abstract The original document abstract, a character vector. 12,452 (94%) abstract_english The English document abstract, a character vector. 12,027 (95%) application_number The long application number including the date, a character vector. 15776, (100%) basic_patent_date Derwent Innovation basic patent date, a character vector. 2325 (93%) basic_patent_number The Derwent Innovation basic patent number forming the base for the dwpi_family, a character vector. 10,281 (93%) applicant The original applicant or assignee name, a character vector. 7488 (90%) applicant_cleaned A cleaned version of the applicant name, a character vector. 6744 (90%) cited_nonpatent Literature citations, field is noisy, a character vector. 28361 (30%) cited_patents Patents cited in one or more documents, a character vector. 93703 (71%) citing_patents Patents citing one or more documents, a character vector. 64328 (39%) cpc The Cooperative Patent Classification Codes (CPC), a character vector 17077 (92%) dwpi_family_dates Family dates for DWPI family numbers (Derwent World Patent Index), a character vector. 5153 (93%) dwpi_family_kind Document kind codes for DWPI Family members, a character vector. 42 (93%) dwpi_family_numbers DWPI family members, a character vector. 30984 (93%) first_claim The first claim in a patent document, a character vector. 13332 (97%) inpadoc_family_members INPADOC Family Members in long format with dates, a character vector. 49,625, (98%) inpadoc_first_family_member The earliest publication number in the inpadoc_family_members based on the date, a character vector. 9020 (98%) inventor The original inventor name, a character vector. 19293 (94%) ipc International Patent Classification (IPC) codes, a character vector. 8489 (98%) priority_number Patent priority numbers in long for with dates, a character vector. 23379 (99%) publication_number Publication numbers in short form minus dates, a character vector. 15776 (100%) publication_year The year of publication of the publication numbers, a character vector. 145 (99%) related_application_numbers Details of related patent applications, a character vector. 7124 (35%) title_english The English title, a character vector. 10815 (99%) title_original The original title, normally concatenated as English, French, German etc., character vector. 13,753 (97%)
 Note that the coverage of each field typically does not add up to 100 percent of the documents. The numbers provided above are intended to provide reference counts for cross-checking when developing counts of the data. Typical reasons for variance from these counts will be failing to trim leading and trailing white space when separating concatenated fields on the semi-colon and NAs (Not Available) that appear in the data in R where there is less than 100% coverage. Where variance between the reference numbers is high you should investigate why. For R users it is possible that foreign characters are present in the main text fields. In the event you run into problems please raise an issue and provide details of the problem. How to separate concatenated columns Patent data is not tidy. Many of the columns contain data that is concatenated (joined) with a semicolon as a delimeter. In the case of the Lens patent data the delimited is a double semicolon. This means that in order to access the data for counting you will need to separate the data onto the relevant row and you will also need to trim the data. You can do this easily with the tidyverse packages. install.packages(""tidyverse"") Load the library library(tidyverse) To demonstrate this let’s separate out the applicant (assignee) field and then count it up: applicants <- drones::applicants %>% separate_rows(applicant_cleaned, sep = "";"") %>% mutate(applicant_cleaned = str_trim(applicant_cleaned, side = ""both"")) %>% drop_na(applicant_cleaned) # drop not available entries applicants %>% count(applicant_cleaned, sort = TRUE) ## # A tibble: 6,929 x 2 ## applicant_cleaned n ## <chr> <int> ## 1 QUALCOMM Incorporated 498 ## 2 Thales 382 ## 3 HON HAI PRECISION INDUSTRY CO LTD 345 ## 4 QINGHUA UNIV 343 ## 5 Samsung Electronics Co. Ltd. 213 ## 6 International Business Machines Corporation 193 ## 7 THE BOEING COMPANY 181 ## 8 GOOGLE INC. 167 ## 9 Elwha LLC 166 ## 10 SONY CORPORATION 148 ## # ... with 6,919 more rows If you wanted to run the same operation as a reusable function you could use this. Note that this has been adapted for tidy evaluation. In some fields it will be common for NA (not available) to appear prominently. Consider adding dplyr::drop_na to address these cases. separate_rows_trim <- function(df, col, sep){ df %>% tidyr::separate_rows(col, sep = sep) %>% dplyr::mutate(!!col := stringr::str_trim(.[[col]], side = ""both"")) %>% dplyr::count(!!col := .[[col]], sort = TRUE) } We’ll add more to the package by the way of guides and examples as we develop it. For the moment this helps to get you started. Attribution The lovely looking drone icon for the package was made by Nikita Golubev from www.flaticon.com Links Browse source code at https://​github.com/​wipo-analytics/​drones Report a bug at https://​github.com/​wipo-analytics/​drones/​issues License MIT + file LICENSE Developers Paul Oldham Author, maintainer Dev status Developed by Paul Oldham. Site built with pkgdown."," 无人机技术的专利数据集•无人机无人机0.0.0.9000专利数据集引用无人机无人机包提供专利数据集包含对无人机在文本的引用。 数据集的目的是用于培训专利分析提供原始和清洁数据在一个地方。 15570年专利申请的主要无人机数据集包含这个词指无人机或无人机在文本。 专利文件的数据集是基于搜索的主要专利司法管辖区使用Clarivate分析1845年到2017年德文特河创新数据库。 额外的补充数据集可能在未来的更新提供。 无人机包内的数据的目的是专门用于培训在世界知识产权组织专利分析所述分析主页。 需要注意的是,数据集是故意吵了为了工作清理数据的方法。 这是一个训练数据集,并不打算用于无人机技术专利活动进行明确的陈述,它不会是完整的。 无人机的专利数据集是世界知识产权组织专利工作进展的一部分分析手册。 无人机数据集是包含在一个R包但你可以用无人机数据集有或没有R .下载使用外部RStudio如果你想外出工作RStudio您可以下载核心无人机参考文件作为一个zip文件,其中包含. csv格式的数据。 R包内的其他数据集只是核心数据集的子集。 有关详细信息,请参阅在线参考页面。 安装在RStudio如果使用RStudio然后你可以从Github如下导入包。 如果你需要安装RStudio按照说明安装R和RStudio确保devtools安装和安装是一个非常好的主意tidyverse如果你没有了。 install.packages (“devtools”) install.packages (“tidyverse”)下安装无人机包。 devtools: install_github (“wipo-analytics /无人机”)库(无人机)在数据集内的数据集是完全文档化的R包。 无人机数据集的核心是一个表有15570的观察22变量:文摘原始文档,一个特征向量。 12452人(94%)abstract_english英语文档抽象,一个特征向量。 12027 (95%)application_number长申请号包括日期,一个特征向量。 15776年(100%)basic_patent_date德文特河创新基本专利的日期,一个特征向量。 2325人(93%)basic_patent_number德文特河创新基本专利号形成dwpi_family的基础,一个特征向量。 10281(93%)申请人原申请人或受让人的名字,一个特征向量。 7488人(90%)applicant_cleaned清洁版的申请人的名字,一个特征向量。 6744人(90%)cited_nonpatent文献引用,字段是嘈杂的,一个特征向量。 28361人(30%)cited_patents专利引用一个或多个文件,一个特征向量。 93703人(71%)citing_patents专利引用一个或多个文件,一个特征向量。 64328人(39%)中国共产党合作专利分类编码(cpc),一个特征向量17077 (92%)dwpi_family_dates家庭日期DWPI家庭数字(德温特世界专利索引数据库),一个特征向量。 5153人(93%)dwpi_family_kind文档类型编码DWPI家庭成员,一个特征向量。 42 (93%)dwpi_family_numbers DWPI家庭成员,一个特征向量。 30984人(93%)first_claim第一专利文件声称,一个特征向量。 13332人(97%)inpadoc_family_members INPADOC家人长格式的日期,一个特征向量。 49625年(98%)inpadoc_first_family_member inpadoc_family_members基于最早的数字出版日期,一个特征向量。 9020人(98%)的发明家原发明者的名字,一个特征向量。 19293人(94%)ipc国际专利分类(ipc)代码,一个特征向量。 8489人(98%)priority_number专利优先级数字在长时间与日期,一个特征向量。 23379人(99%)publication_number出版数字短形式-日期,一个特征向量。 15776年(100%)publication_year出版物出版的数字,一个特征向量。 145人(99%)related_application_numbers相关专利申请的细节,一个特征向量。 7124人(35%)title_english英文标题,一个特征向量。 10815人(99%)title_original原标题,通常连接为英语,法语,德语等等,特征向量。 13753例(97%)
 注意,每个字段的报道通常不加起来100%的文档。 上面提供的数字是旨在提供反复核查在开发项的引用计数数据。 典型原因方差从这些方面将未能削减前导和尾随空白当分离连接字段分号和NAs(不可用),出现在R中的数据有不到100%的覆盖率。 参考数字之间的差异在哪里高你应该调查原因。 R用户可能外国字符出现在主要的文本字段。 如果你遇到问题请提出问题并提供的细节问题。 如何单独连接列专利数据不整齐。 许多列包含的数据连接(加入)分号作为字段名。 在镜头的情况下专利数据双重分号分隔。 这意味着为了访问数据计算你需要单独的数据到相关行和你还需要调整数据。 你可以很容易的tidyverse包。 install.packages (“tidyverse”)加载库库(tidyverse)来演示这个让我们分离出申请人(受让人)字段,然后计数:申请者<——无人机:申请者% > % separate_rows (applicant_cleaned, 9 =”;“) % > %变异(applicant_cleaned = str_trim (applicant_cleaned、侧=“两”))% > % drop_na申请者可用条目(applicant_cleaned) #下降不是% > %数(applicant_cleaned, = TRUE) # # #一个宠物猫:6929 x 2 # # applicant_cleaned n # # <空空的> < int > # # 1高通将498 # # 2泰利斯公司382 # # 3鸿海精密工业有限公司345 343 # # # # 4清华大学三星电子有限公司213 # # 6国际商业机器公司193 # # 7波音公司181 # # 8谷歌(GOOGLE INC .) 167 # # 9爱LLC索尼公司166 # # 148 # # #…… 有6919多行,如果你想运行相同的操作作为一个可重用函数可以使用这个。 注意,这适应了整洁的评估。 在某些领域将是常见的NA(不可用)显得突出。 考虑添加dplyr: drop_na应对这些情况。 separate_rows_trim < -函数(df、山坳、9月){df % > % tidyr: separate_rows(坳,9 = 9)% > % dplyr::变异(! ! 上校:= stringr:: str_trim (。 [[坳]],一边=“两”))% > % dplyr::计数(! ! 上校:=。[[坳]],sort = TRUE)}我们添加更多的包我们开发的指南和示例。 目前这个帮助你开始。 归因可爱的无人驾驶飞机图标寻找包是由尼基塔Golubev从www.flaticon.com链接浏览源代码https:// github.com/ wipo-analytics /无人机报告一个缺陷:https:// github.com/ wipo-analytics /无人机/许可麻省理工学院+文件许可问题开发商保罗•奥尔德姆作者维护者Dev状态由保罗·奥尔德姆。 网站用pkgdown建造的。"
Amazon Gets Patent for Drone Deliveries - Engoo., 亚马逊被无人驾驶飞机交付- Engoo专利申请。,https://engoo.com.vn/app/daily-news/article/amazon-gets-patent-for-drone-deliveries/oN_X2sXdEeayCQu3axmgow,Amazon Gets Patent for Drone Deliveries. Amazon.com – the largest U.S.-based online retailer – has received a patent for its planned delivery system ..., 亚马逊被无人驾驶飞机交付专利申请。 Amazon.com——美国最大的 的在线零售商——已收到专利申请计划交付系统……, Please enable JavaScript to view this page., 请启用JavaScript来查看此页面。
Ford could release drones to jump-start vehicles - FOX 8 News, 福特可以释放无人机启动车辆8 -福克斯新闻,https://fox8.com/news/ford-could-release-drones-to-jump-start-vehicles/,"7 thg 4, 2023 — Ford has filed a patent that describes technology for drones that ... says the company has filed multiple other drone-related patents in ..."," 7 thg 4, 2023年福特已经申请了一项专利,描述了无人机的技术…… 表示,该公司已申请多个其他drone-related专利……","  Ford drone patent Skip to content Fox 8 Cleveland WJW Cleveland 59° Sign Up Cleveland 59° Sponsored By  Toggle Menu Open Navigation Close Navigation Search Please enter a search term. Primary Menu News Watch Fox 8 News Jayland Walker East Palestine train derailment Powerball Mega Millions Voices of Unity Ohio News Coronavirus Sign up for FOX 8 Newsletters FOX 8 I-Team Washington DC Bureau Politics from The Hill Video Missing BestReviews BestReviews Daily Deals Automotive News Press Releases Top Stories  Smoky conditions: How bad are they for your health?  4 hours ago Video  Guardians fan wins SUV thanks to grand slam by Ramírez  4 hours ago Video  Woman wanted for killing man with car: police  5 hours ago Video  McD’s Grimace Shake inspires ‘grim’ TikTok trend  7 hours ago Video Weather Forecast Discussion Akron/Canton Radar Maps and Radar Weather Alerts Severe weather guide Stay informed: Download the FOX 8 apps LIVE: Vermilion Woollybear Cam Closings Pinpoint School Closings Closing Text Alerts AM Show Cool Schools Recipe Box Kickin’ It With Kenny Top Stories  Fox Recipe Box: Beef Chopped Cheese Sandwich  Video Top Stories  Fox 8 Jukebox: The Sellouts  Video Top Stories  Grammy-nominated Akron guitarist Dan Wilson previews …  7 days ago Video  Local veteran plans to row across Atlantic to help …  1 week ago Video  Kenny explores some of the fun ways to enjoy summer …  1 week ago Video  Kenny gets game plan for USFL Playoffs in Canton  1 week ago Video New Day New Day Recipes Sports Cleveland Browns Cleveland Guardians Cleveland Cavaliers Friday Night Touchdown The Big Game Top Stories  Guardians fan wins SUV thanks to grand slam by Ramírez  Video Top Stories  Francona to miss second game after being hospitalized  Video Top Stories  Gymnastics star Simone Biles returning to competition  15 hours ago Video  A rally to win in 9th: Guards v. Royals  20 hours ago Gallery  Tito undergoing medical tests, misses game  16 hours ago Video  Latest Deshaun Watson suit adds Houston Texans  3 days ago Video Seen on TV Contests Jobs Find a Job Post a Job Contact Us Contests Calendar Meet The Team Sponsored Content Sign up for daily news updates Nexstar News Partners Closed Caption Questions Having problems watching FOX 8 on antenna? Public File Assistance Advertise with FOX 8 Nexstar Job Opportunities Fox 8 Program Guide Antenna TV Program Guide Do Not Sell My Personal Information About BestReviews Search Please enter a search term.  News Ford could release drones to jump-start vehicles by: Celeste Houmard Posted: Apr 7, 2023 / 10:56 AM EDT Updated: Apr 7, 2023 / 10:56 AM EDT by: Celeste Houmard Posted: Apr 7, 2023 / 10:56 AM EDT Updated: Apr 7, 2023 / 10:56 AM EDT DEARBORN, Mich. (WJW) – Ford Motor Co. could be developing new technology for drivers who have a dead battery in their vehicle. Ford has filed a patent that describes technology for drones that could jump-start Ford vehicles. Police: Man posing as officer pulled over real cop The patent, first filed in April of 2017, is for a system with a “computer programmed to actuate a plurality of drones to first establish one or more electrical connections therebetween and then to provide a jump start to a vehicle.” According to the filing, which was published on March 28, future Ford vehicles would be able to send out a “jump start request,” which would alert one or more drones. The drones would then navigate to the vehicle’s location, open the hood and jump-start the vehicle, according to Fox News reports. According to Ford Authority, a website that reports Ford news, says the company has filed multiple other drone-related patents in recent years, including one that could help owners locate their vehicles.  Another patent application describes multiple ways in which future Ford vehicles could repossess themselves or go into a “lockout condition” if the driver misses payments, according to Fox News reports. UH to close Lake West birthing center “We don’t have any plans to deploy this. We submit patents on new inventions as a normal course of business but they aren’t necessarily an indication of new business or product plans,” a company spokesperson told FOX Television Stations. “In 2022, Ford was granted 1,342 patents – or more than three a day – “spanning a wide range of ideas.” Close Modal Suggest a Correction Your name(required) Your email(required) Report a typo or grammatical error(required) Submit Δ Suggest a Correction Copyright 2023 Nexstar Media Inc. All rights reserved. This material may not be published, broadcast, rewritten, or redistributed. ✕ Read next >  Read next >  Next ✕ ✕ Read next >  Next story in Cancel  Read next >  Next story in Cancel   How long do water heaters last?  Heating, Cooling & Air Quality / 9 hours ago Whether you’re looking to replace your water heater or upgrade to a new one, the lifespan of the unit matters.  Starbucks adds 3 perfect-for-summer drinks to its …  Bar & Wine / 11 hours ago
 The new Starbucks summer merch is the best way to enjoy one or all of the latest drinks on the menu.  Best early Prime Day deals on electric razors  Hair Removal & Shave / 3 hours ago Save now on electric razors during Prime Day 2023. View All BestReviews Close Thanks for signing up! Watch for us in your inbox. Subscribe Now Daily News SIGN UP NOW  Top Stories   How’s the weather up there? It’ll be harder for Alaska …   Chance to challenge 2020 census numbers is ending, …   Jury says health clinic in Montana Superfund town …   California Black reparations task force concludes …   Here’s why you better get used to a smoky stubborn …  Top Stories   More Stories   How’s the weather up there? It’ll be harder for Alaska …   Chance to challenge 2020 census numbers is ending, …   Jury says health clinic in Montana Superfund town …   California Black reparations task force concludes …   Here’s why you better get used to a smoky stubborn …   Police release body camera video of an officer killing …   Judge considering blocking parts of North Carolina …   Amtrak train with 198 passengers derails after hitting …  More Stories   Latest Video Headlines    Weather update: Wednesday night  4 hours ago  Smoky conditions: How bad are they for your health?  4 hours ago  Ken Carmantary: June 28, 2023  7 hours ago  $1,500 reward offered for info about missing Cleveland …  8 hours ago  Business run by local students with disabilities …  8 hours ago  I-Team: A closer look at police evidence lot that …  9 hours ago More Videos  Fox 8 Cleveland WJW Video     Weather update: Wednesday night  4 hours ago   Smoky conditions: How bad are they for your health?  5 hours ago   Ken Carmantary: June 28, 2023  7 hours ago   $1,500 reward offered for info about missing Cleveland …  8 hours ago   Business run by local students with disabilities …  8 hours ago   I-Team: A closer look at police evidence lot that …  9 hours ago   Clerk grabs sword, fights back against armed robber  9 hours ago   Air Quality Alert for NE Ohio due to wildfires  9 hours ago   A historically bad day for air quality in Summit …  9 hours ago   Air quality issues cause closures, cancellations …  10 hours ago   Air quality issues stretch to Akron  10 hours ago   Air Quality Advisory extended  10 hours ago More Videos   More from Fox 8 Cleveland WJW   Police release body camera video of an officer killing …   Judge considering blocking parts of North Carolina …   Amtrak train with 198 passengers derails after hitting …   10 deaths caused by dangerous rip currents off Florida …   Federal judges in Kentucky and Tennessee block portions …   Smoky conditions: How bad are they for your health?   North Carolina lawmakers give final OK to ban on …   52% of US has faced online harassment, hate: survey  More from Fox 8 Cleveland WJW   FOX 8 Cleveland Weather // Quick Links: Select a weather link: Maps and Radar Akron Canton Weather FOX 8 Forecast Weather Alerts LIVE look at the FOX 8 Woollybear cam Closings Traffic Get Weather & News Apps Sign up today for your Cleveland Browns updates  BestReviews.com - Top gifts to make everyone happy this summer   Popular products that are a must-have for the Fourth …  Holiday / 2 days ago  11 ‘dad shoes’ and other accessories that are perfect …  Holiday / 4 days ago  Best gifts on sale early for Prime Day  Holiday / 6 days ago  Best Fourth of July deals to shop this year  Holiday / 6 days ago  The trendiest Father’s Day gifts that will still …  Reviews / 2 weeks ago  Treat your dad with these great Father’s Day gifts  Holiday / 3 weeks ago View All BestReviews Picks   Hot on FOX 8    Police bust drug lab disguised as pizzeria   Smoke causes closings, cancellations in NE Ohio   Air quality advisory extended: When will smoke clear?   Actor Julian Sands’ remains found in CA   Air Quality Alert: When will conditions improve?   Where Arnold Schwarzenegger was spotted in Ohio     Cleveland's source for news, weather, Browns, Guardians, and Cavs Contact Us Watch Fox 8 Jobs Weather News Sign up for the daily FOX 8 Newsletter Public File Help EEOC Report Public File Help Terms of Service FAQ FCC Applications Get News App Get the iOS app Get the Android app from Google Play Get Weather App Get the iOS Weather app Get the Android Weather app from Google Play Stay Connected Haystack Privacy Policy Terms Of Use Covers Public File Assistance Contact The Hill NewsNation BestReviews Content Licensing Nexstar Digital Journalistic Integrity Do Not Sell or Share My Personal Information © 1998 - 2023 Nexstar Media Inc. | All Rights Reserved. ✕  "," 克利夫兰福特福克斯无人机专利跳到内容8 WJW克利夫兰59°签约克利夫兰59°由切换菜单打开导航关闭导航搜索请输入一个搜索词。 8主菜单新闻看福克斯新闻Jayland沃克东巴勒斯坦火车脱轨强力球超级百万的声音统一俄亥俄州福克斯新闻冠状病毒注册8通讯福克斯8 I-Team华盛顿局政治从山上视频失踪BestReviews BestReviews每日交易汽车新闻新闻头条新闻烟条件:他们对你的健康有多坏? 4 hours ago Video  Guardians fan wins SUV thanks to grand slam by Ramírez  4 hours ago Video  Woman wanted for killing man with car: police  5 hours ago Video  McD’s Grimace Shake inspires ‘grim’ TikTok trend  7 hours ago Video Weather Forecast Discussion Akron/Canton Radar Maps and Radar Weather Alerts Severe weather guide Stay informed: Download the FOX 8 apps LIVE: Vermilion Woollybear Cam Closings Pinpoint School Closings Closing Text Alerts AM Show Cool Schools Recipe Box Kickin’ It With Kenny Top Stories  Fox Recipe Box: Beef Chopped Cheese Sandwich  Video Top Stories  Fox 8 Jukebox: The Sellouts  Video Top Stories  Grammy-nominated Akron guitarist Dan Wilson previews …  7 days ago Video  Local veteran plans to row across Atlantic to help …  1 week ago Video  Kenny explores some of the fun ways to enjoy summer …  1 week ago Video  Kenny gets game plan for USFL Playoffs in Canton  1 week ago Video New Day New Day Recipes Sports Cleveland Browns Cleveland Guardians Cleveland Cavaliers Friday Night Touchdown The Big Game Top Stories  Guardians fan wins SUV thanks to grand slam by Ramírez  Video Top Stories  Francona to miss second game after being hospitalized  Video Top Stories  Gymnastics star Simone Biles returning to competition  15 hours ago Video  A rally to win in 9th: Guards v. Royals  20 hours ago Gallery  Tito undergoing medical tests, misses game  16 hours ago Video  Latest Deshaun Watson suit adds Houston Texans  3 days ago Video Seen on TV Contests Jobs Find a Job Post a Job Contact Us Contests Calendar Meet The Team Sponsored Content Sign up for daily news updates Nexstar News Partners Closed Caption Questions Having problems watching FOX 8 on antenna?  公共文件协助宣传与福克斯8 Nexstar就业机会福克斯8节目指南天线电视节目指南不卖我的个人信息BestReviews搜索请输入一个搜索词。 新闻福特可以释放无人机启动车辆:天蓝色Houmard公布:4月7日,2023 / 10:56点更新:美国东部时间4月7日,2023 / 10:56是美国东部时间:天蓝色Houmard公布:4月7日,2023 / 10:56点更新:美国东部时间4月7日,2023 / 10:56是美国密歇根州迪尔伯恩 (WJW)——福特汽车公司(Ford Motor co .)可以为司机开发新技术有一个死在他们的汽车电池。 福特对无人机描述申请了一项专利技术,可以启动福特汽车。 警察:男人冒充军官在真正的警察专利,首先提出2017年4月,是一个系统的“计算机编程来开动多数无人机首先therebetween建立一个或多个电连接,然后提供一个启动车辆。 “备案文件显示,3月28日发表未来福特车辆能够发出一个“启动的要求,”这将提醒一个或多个无人机。 无人机将导航到车辆的位置,打开引擎盖,启动车辆,根据福克斯新闻报道。 根据福特权威,一个网站,福特的新闻报道,说公司已经提交了多个其他drone-related专利近年来,其中一个可以帮助主人找到他们的车辆。 另一个专利应用程序描述了未来福特车辆可以多种方式收回自己或进入一个“锁定条件”如果司机错过付款,根据福克斯新闻报道。 呃,湖西生产中心”我们没有任何计划部署。 我们提交新的发明专利作为正常业务,但他们不一定表明新业务或产品的计划,”一位公司发言人告诉福克斯电视台。 “在2022年,福特获得了1342项专利,或者超过三天——“跨越广泛的想法。 “闭模态显示修正你的名字(必需)您的电子邮件(必需)报告一个错误或语法错误(必需)提交Δ建议修正版权2023 Nexstar媒体公司。保留所有权利。 这种材料不得出版,广播,重写或重新分配。 ✕读next >读next >下✕✕读next >下一个故事在取消取消读next >下一个故事做热水器持续多久? 加热、冷却和空气质量/ 9小时前是否你想替换你的热水器或升级到一个新的单位的寿命问题。 星巴克增加了3 perfect-for-summer饮料…酒吧和酒/ 11小时前
 新的星巴克夏季营销是最好的方式去享受一个或所有的最新饮料菜单上。 最好的早期'天交易电动剃须刀脱毛&刮/ 3小时前保存现在电动剃须刀在黄金一天2023。 查看所有BestReviews报名谢谢! 看在你的收件箱。 现在订阅每日新闻注册头条新闻天气如何? 就更难阿拉斯加…2020年的人口普查数字机会挑战是结局,…陪审团说健康诊所在蒙大拿超级基金小镇…加州黑赔款专责小组得出结论…这就是为什么你更好的适应一个烟雾缭绕的固执…上面故事更多的天气如何? 就更难阿拉斯加…2020年的人口普查数字机会挑战是结局,…陪审团说健康诊所在蒙大拿超级基金小镇…加州黑赔款专责小组得出结论…这就是为什么你更好的适应一个烟雾缭绕的固执…警察释放身体相机的视频一个杀害北卡罗来纳…法官考虑阻塞部分…后与198名乘客脱轨的火车撞击…更多的故事最新视频标题天气更新:周三晚上4小时前烟条件:他们对你的健康有多坏? 4小时前肯Carmantary: 2023年6月28日7小时前1500美元奖励提供信息缺失的克利夫兰…8小时前业务由当地残疾学生…8小时前I-Team:仔细看看警方证据很多,…9小时前更多视频福克斯8克利夫兰WJW视频天气更新:周三晚上4小时前烟条件:他们对你的健康有多坏? 5小时前肯Carmantary: 2023年6月28日7小时前1500美元奖励提供信息缺失的克利夫兰…8小时前业务由当地残疾学生…8小时前I-Team:仔细看看警方证据很多,…9小时前职员抓住剑,反击反对武装强盗9小时前空气质量警报东北俄亥俄州历史上由于野火9小时前一个糟糕的一天的空气质量峰会…9小时前空气质量问题导致关闭,取消…10小时前空气质量问题一直延伸到阿克伦10小时前空气质量咨询延长10小时前更多视频从福克斯8克利夫兰WJW警察释放身体相机的视频一个杀害北卡罗来纳…法官考虑阻塞部分…后与198名乘客脱轨的火车撞击…造成10人死亡危险的激流从佛罗里达……在肯塔基州和田纳西州联邦法官阻止部分烟条件:他们对你的健康有多坏? 北卡罗莱那州议员给最终可以禁止…52%的美国面临在线骚扰,讨厌:调查从福克斯8克利夫兰WJW福克斯8克利夫兰天气/ /快速链接:选择一个天气链接:地图和天气雷达亚克朗市广东福克斯8预测天气预警活看狐狸8 Woollybear凸轮关闭交通得到天气和新闻应用程序注册今天为你的克利夫兰布朗更新BestReviews.com高级礼物让每个人都快乐今年夏天流行产品必备第四…假期/ 2天前11“爸爸鞋”和其他配件完美…假期/ 4天前最好礼物出售早期'天假日/ 6天前最好7月4日交易今年假日购物最新潮的父亲节礼物/ 6天前,仍然…评论/ 2周前对待你爸爸这些伟大的父亲节礼物的节日/ 3周前查看所有BestReviews选择热在福克斯8警察破产药物实验室伪装成披萨店烟导致关闭,取消在东北俄亥俄州空气质量咨询扩展:烟清晰? 演员朱利安金沙”仍然发现在CA空气质量警报:当环境改善吗? ,阿诺德•施瓦辛格(Arnold Schwarzenegger)被发现在俄亥俄州克利夫兰的新闻源,天气,布朗,监护人,骑士与我们联系看福克斯8工作天气新闻注册每日福克斯8通讯公共文件帮助平等就业机会委员会报告公共文件的服务条款FAQ FCC应用程序得到新闻应用程序得到iOS应用程序获得Google的Android应用程序播放天气应用程序得到天气iOS应用程序得到天气Android应用程序从谷歌玩保持联系干草堆隐私政策使用条款涵盖公共文件协助联系山NewsNation BestReviews内容许可Nexstar数字新闻完整性不出售或©1998 - 2023 Nexstar分享我个人的信息媒体有限公司|版权所有。 ✕"
Draganfly Issued New Delivery Drone Patent, Draganfly发布了新的交付无人机专利,https://draganfly.com/news/draganfly-issued-new-delivery-drone-patent/,Draganfly is pleased to announce the awarding of a new patent for a vertical take-off and landing (VTOL) cargo delivery drone with variable center of ..., Draganfly高兴地宣布授予新的专利垂直起降(VTOL)货物交付无人机与变量中心……," Draganfly Issued New Delivery Drone Patent - Draganfly Skip to content Company About usOur TeamPartners Products Heavy Lift Drone NEW Long-range LiDAR NEW Commander 3 XL NEW Software Vital Intelligence Draganflyer Commander2 Payloads and Sensors Legacy Products Projects and Concepts Services Custom EngineeringTrainingFlight ServicesData ServicesSpraying Services Industry Solutions AgricultureEnvironmental & EnergyHumanitarianInsuranceMilitary and GovernmentPublic HealthPublic SafetyTraining NewsInvestorsContact Contact usPilots WantedCustomer SupportCareers Draganfly Issued New Delivery Drone Patent News, Press Release Share This Post Click to go to Full Press Release Draganfly is pleased to announce the awarding of a new patent for a vertical take-off and landing (VTOL) cargo delivery drone with variable center of gravity. The design is ideal for Beyond Visual Line of Sight (BVLOS) and for transporting goods in hard to reach areas or flight over people at night. US Patent No. 10,807,707 is an unmanned aircraft system (UAS) configured for both vertical take-off and landing (VTOL) and fixed-wing flight operations includes forward, and aft wing assemblies mounted to the fuselage, each wing assembly including port and starboard nacelles terminating in motor-driven rotors powered by an onboard control system capable of adjusting rotor speeds. The UAS may transition between a powered-lift VTOL configuration to a winged-flight configuration by shifting its center of gravity forward, pivoting the wing assemblies from a powered-lift position perpendicular to the fuselage to a winged-flight position parallel to the fuselage. The forward rotor blades may be folded back so that the aft rotors may provide primary thrust for winged flight operations. Onboard attitude sensors may detect rotor or control failures, to which the control system responds by triggering a conversion to the winged-flight configuration for recovery operations. Draganfly views this patent as an important addition to its robust patent portfolio and believes it to be a core innovation for the industry and the drone delivery vertical. Draganfly recently announced it had been selected by Coldchain Technology Services, LLC to immediately develop and provide flight services of a robust vaccine delivery payload for use in critical regions for drone delivery of the COVID-19 vaccine. Coldchain Technology Services, LLC provides comprehensive solutions for healthcare supply chain management for multiple governments and commercial clients, including the US Army, the Centers for Disease Control and Prevention, Reserve Component forces, Johnson & Johnson brands, Chicago Department of Public Health, and others and has been leading the deployment of COVID-19 vaccines throughout the United States. Polaris Market Research estimates the medical drone market at USD 947.6 million by 2027. Facts and Factors estimate the global drone package delivery market was estimated at USD 530 million in 2019 and expected to grow at a compound annual growth rate of 42% from 2020 to 2027. “With the signing of a signature customer and now this key industry patent we are confident in our role as an important global player in drone delivery space.” said Cameron Chell, CEO of Draganfly. “This showcases Draganfly’s continued focus on IP and highlights the strength and innovation of our engineering team.” PrevPrevious PostSouthwestern Athletic Conference (SWAC) Teams Return to Athletic Competition Enabled by Draganfly Technologies Next PostDrones and AI being used in Georgia to disinfect government buildingsNext Subscribe To Our Newsletter Email Send More To Explore Alabama State University Launches Draganfly Drone Technology Course Draganfly’s experienced team is sharing their vast industry knowledge with a variety of ASU faculty members and students. The program provides an introduction to unmanned aerial vehicles (UAVs) and explores advanced topics including regulations, airspace operations, and… Draganfly Deploys Versatile Situational Assessment Drones to Ukraine The Situational Assessment Drones were received by Iryna Vashchuk Discipio, President of RSU, and members of her staff, including pilots, at a facility in Poland on June 10, 2022. The drones were then transported to Ukraine, where the Company’s experienced pilots conducted a… Draganfly Announces New Long Range LiDAR System Draganfly’s Long Range LiDAR system is able to provide accurate distance measurements and improved resolution over conventional photogrammetry methods. With a scanning range of 750 meters, the Company’s system is able to produce 0.5-centimeter point cloud precision with… 1 2 3 … 32 Learn more about our Custom Solutions Contact our team to discuss our ready-to-ship, turnkey commercial drones and custom solutions. Location United States Canada Europe Asia South America Africa The Middle East State/Province N/A Alabama Alaska Arizona Arkansas California Colorado Connecticut Delaware District of Columbia
 Florida Georgia Hawaii Idaho Illinois Indiana Iowa Kansas Kentucky Louisiana Maine Maryland Massachusetts Michigan Minnesota Mississippi Missouri Montana Nebraska Nevada New Hampshire New Jersey New Mexico New York North Carolina North Dakota Ohio Oklahoma Oregon Pennsylvania Rhode Island South Carolina South Dakota Tennessee Texas Utah Vermont Virginia Washington West Virginia Wisconsin Wyoming _________ Alberta British Columbia Manitoba New Brunswick Newfoundland and Labrador Northwest Territories Nova Scotia Nunavut Ontario Prince Edward Island Quebec Saskatchewan Yukon I would like to learn more about: Choose Medical Response Platform Search and Rescue Platform Tactical Delivery Drone Surveillance and Reconnaissance Drone Commander II Drone Tango2 Drone Heavy Lift Drone Commander 3 XL Long Range LiDAR Payloads and Equipment Vital Intelligence Spray Services New Products Legacy Product Partnerships Send COMPANY About Team Overview News Investors Privacy Policy About Team Overview News Investors Privacy Policy CAREERS Looking for a job opportunity? See open positions See open positions INDUSTRIES Agriculture Energy Insurance Military and Govt. Public Safety Agriculture Energy Insurance Military and Govt. Public Safety SERVICES Custom Engineering Training Flight Services Data Services Spraying Services Custom Engineering Training Flight Services Data Services Spraying Services PRODUCTS Heavy Lift Drone Long-range LiDAR Commander 3 XL Commander 2 Vital Intelligence Payloads and Sensors Software Legacy Products Products Overview Projects and Concepts Heavy Lift Drone Long-range LiDAR Commander 3 XL Commander 2 Vital Intelligence Payloads and Sensors Software Legacy Products Products Overview Projects and Concepts GET IN TOUCH [email protected]1-306-955-9907Canadian Headquarters:2108 St. George AvenueSaskatoon, SK, S7M0K7,CANADAU.S. Headquarters:3950 RCA BoulevardSuite 5012Palm Beach Gardens, FL, 33410USA Facebook Twitter Linkedin Instagram Youtube All Rights Reserved © 2022, Terms & Conditions COMPANY About Team Overview News Investors Privacy Policy About Team Overview News Investors Privacy Policy PRODUCTS Heavy Lift Drone Long-range LiDAR Commander 3 XL Commander 2 Vital Intelligence Payloads and Sensors Software Legacy Products Products Overview Projects and Concepts Heavy Lift Drone Long-range LiDAR Commander 3 XL Commander 2 Vital Intelligence Payloads and Sensors Software Legacy Products Products Overview Projects and Concepts SERVICES Custom Engineering Training Flight Services Data Services Spraying Services Custom Engineering Training Flight Services Data Services Spraying Services GET IN TOUCH [email protected]1-306-955-9907Canadian Headquarters:2108 St. George AvenueSaskatoon, SK, S7M0K7,CANADAU.S. Headquarters:3950 RCA BoulevardSuite 5012Palm Beach Gardens, FL, 33410USA INDUSTRIES Agriculture Energy Insurance Military and Govt. Public Safety Agriculture Energy Insurance Military and Govt. Public Safety CAREERS Looking for a job opportunity? See open positions See open positions PLATFORMS Search and Rescue Medical Response Long-Range Surveillance Drone Search and Rescue Medical Response Long-Range Surveillance Drone GET IN TOUCH [email protected]1-306-955-9907Canadian Headquarters:2108 St. George AvenueSaskatoon, SK, S7M0K7,CANADAU.S. Headquarters:3950 RCA BoulevardSuite 5012Palm Beach Gardens, FL, 33410USA CAREERS Looking for a job opportunity? See open positions See open positions Facebook Twitter Linkedin Instagram Youtube All Rights Reserved © 2022,Terms & Conditions Company About us Our Team Partners Products Legacy Products Draganflyer Commander 2 Vital Intelligence Quantix Mapper Hybrid VTOL UAV Payloads and Sensors Software Heavy Lift LiDAR Commander 3 XL Projects and Concepts Services Custom Engineering Training Flight Services Data Services Spraying Services Industries All Industries Agriculture Energy Military and Government Public Safety Insurance Platforms Search and Rescue Drone Medical Response Drone Long-Range Surveillance Drone News Investors Contact us The Future of Drone Surveillance SAVING TIME, MONEY, AND LIVES. Short–range drone surveillance has experienced significant attention thanks to its low cost and efficiency. Long-range drone surveillance beyond visual line of sight (BVLOS) is now on the horizon and is set to amplify cost savings regarding resources and time spent on data collection. Download the Free White Paper This website uses cookies to improve user experience. By using our website, you consent to all cookies with accordance with our Cookie Policy. The Future of Drone Delivery A WORLD WITHIN REACH Demand for drone hardware and services has never been greater. From emergency medical deliveries to agricultural management; community, government, and corporate drone usage is expected to see enormous growth up to and beyond 2028. Download the Free White Paper"," Draganfly发布了新的交付无人机专利——Draganfly跳到内容公司usOur TeamPartners产品超重无人机新远程激光雷达新指挥官3 XL新软件至关重要的情报Draganflyer Commander2载荷和传感器遗留产品项目和概念服务定制EngineeringTrainingFlight ServicesData ServicesSpraying服务行业解决方案AgricultureEnvironmental & EnergyHumanitarianInsuranceMilitary和GovernmentPublic HealthPublic SafetyTraining NewsInvestorsContact接触usPilots WantedCustomer SupportCareers Draganfly发布了新的交付无人机专利新闻,新闻发布会上分享这篇文章点击去完整的新闻稿Draganfly高兴地宣布授予新的专利垂直起降(VTOL)货物交付无人机与变量重心。 设计的理想超越视觉的视线(BVLOS)和难以到达地区的运输货物或晚上飞行的人。 美国专利号10807707是一个无人机系统(UAS)配置为垂直起降(VTOL)和固定翼飞行操作包括向前,和船尾翼组件安装在机身上,每个机翼装配包括港口和右舷机舱终止在电机驱动的转子由机载控制系统调整转子速度的能力。 无人机可能之间的过渡动力提升垂直起落配置的有翼飞行的配置将其重心向前,旋转机翼组件从动力提升位置垂直于机身有翼飞行位置平行于机身。 远期转子叶片可能会折回来,尾部螺旋桨可以提供主要推力有翼飞行操作。 机载传感器的态度可能检测转子或控制失败,控制系统的响应通过触发转换的有翼飞行的配置恢复操作。 Draganfly认为这项专利是一个重要的除了其强大的专利组合,并认为它是一种核心的创新产业和无人驾驶飞机交付垂直。 Draganfly最近宣布它已选中Coldchain技术服务,公司立即一个健壮的疫苗的开发和提供航班服务交付负载使用无人驾驶飞机交付COVID-19疫苗的关键地区。 Coldchain技术服务有限责任公司为医疗供应链管理提供全面的解决方案为多个政府和商业客户,包括美国军队,美国疾病控制和预防中心储备组件部队,强生品牌,芝加哥公共卫生部门,和其他人,COVID-19疫苗的主要部署在美国。 北极星市场研究估计,在9.476亿美元到2027年医疗无人机市场。 事实和因素估计全球无人机包裹递送市场约为5.3亿美元,2019年预计增长42%的复合年增长率从2020年到2027年。 “与客户签署的签名,现在这个关键行业专利我们有信心在我们的作用作为一个重要的全球玩家在无人机提供空间。 ”卡梅隆说Chell——Draganfly的首席执行官。 “这展示Draganfly继续专注于IP和突出了我们的工程团队的力量和创新。 “PrevPrevious PostSouthwestern体育会议(SWAC)团队回到下PostDrones Draganfly技术所支持的体育比赛和人工智能在乔治亚州用于消毒政府buildingsNext订阅我们的通讯邮件派遣更多的探索阿拉巴马州立大学启动Draganfly Draganfly无人机技术课程的经验丰富的团队分享他们的巨大的行业知识与各种ASU教员和学生。 程序提供了一个介绍无人机(uav)和探索先进的主题包括法规、空域操作,和…Draganfly部署通用态势评估无人机乌克兰态势评估无人机被Iryna收到Vashchuk Discipio, RSU总统和她的职员,包括飞行员,在波兰的工厂6月10日,2022年。 无人机之后被运送到乌克兰,公司的经验丰富的飞行员进行了…Draganfly宣布新的远程激光雷达系统Draganfly远程激光雷达系统能够提供精确的距离测量和改进决议与传统摄影测量方法。 用扫描范围750米,这公司的系统能够产生0.5厘米点云精度…1 2 3…32了解更多关于我们的定制解决方案联系我们团队讨论我们的上市,交钥匙商业无人机和定制的解决方案。 位置美国加拿大欧洲亚洲非洲南美中东阿拉巴马州/省N / A阿拉斯加亚利桑那州阿肯色州加利福尼亚科罗拉多康涅狄格特拉华州哥伦比亚特区
 爱达荷州佛罗里达格鲁吉亚夏威夷伊利诺斯州印第安纳州爱荷华州密苏里州堪萨斯肯塔基州路易斯安那州明尼苏达缅因州马里兰州马萨诸塞州密歇根州密西西比州蒙大拿内布拉斯加州内华达新罕布什尔州新泽西新墨西哥州纽约北卡罗来纳州北达科他州俄亥俄州俄克拉荷马州俄勒冈州宾夕法尼亚罗德岛南卡罗莱纳州南达科他州田纳西州德州犹他州佛蒙特州弗吉尼亚华盛顿西维吉尼亚州威斯康辛州怀俄明_____阿尔伯塔省不列颠哥伦比亚省马尼托巴湖新布伦瑞克纽芬兰和拉布拉多西北地区新斯科舍努萨斯喀彻温省安大略爱德华王子岛魁北克育空河我想了解更多关于:选择医疗反应平台搜救平台交付无人机监视和侦察无人机战术指挥官II无人机Tango2无人机超重无人机指挥官3 XL远程激光雷达载荷和设备重要情报喷雾服务新产品遗留产品合作伙伴发送公司团队概述新闻投资者对团队隐私政策概述新闻职业投资者隐私政策找工作机会? 看职位空缺职位工业农业能源保险军事和政府公共安全农业能源保险军事和政府。公共安全服务定制工程训练飞行服务数据服务喷涂服务定制工程训练飞行服务数据服务喷涂服务产品超重无人机远程激光雷达指挥官3 XL指挥官2重要情报的有效载荷和传感器软件遗留产品产品概述项目和概念超重无人机远程激光雷达指挥官3 XL指挥官2重要情报的有效载荷和传感器软件遗留产品产品概述项目和概念取得联系(邮件保护)1 - 306 - 955 - 9907 -加拿大总部:2108圣乔治AvenueSaskatoon, SK, S7M0K7 CANADAU.S。 总部:3950 RCA BoulevardSuite 5012棕榈滩花园,FL, 33410美国Facebook Linkedin Twitter Instagram Youtube版权所有©2022,条款和条件公司团队概述新闻投资者对团队隐私政策概述新闻投资者隐私政策产品超重无人机远程激光雷达指挥官3 XL指挥官2重要情报的有效载荷和传感器软件遗留产品产品概述项目和概念超重无人机远程激光雷达指挥官3 XL指挥官2重要情报的有效载荷和传感器软件遗留产品产品概述项目和概念服务定制工程训练飞行服务数据服务喷涂服务定制工程训练飞行服务数据服务喷涂服务取得联系(邮件保护)1 - 306 - 955 - 9907 -加拿大总部:2108圣乔治AvenueSaskatoon, SK, S7M0K7 CANADAU.S。 总部:3950 RCA BoulevardSuite 5012棕榈滩花园,FL, 33410美国军方和政府产业农业能源保险。军事和政府公共安全农业能源保险。公共安全事业寻找一个工作机会吗? 看职位空缺职位平台搜索和救援医疗响应远程无人驾驶侦察机搜救医疗响应远程无人驾驶侦察机取得联系(邮件保护)1 - 306 - 955 - 9907 -加拿大总部:2108圣乔治AvenueSaskatoon, SK, S7M0K7 CANADAU.S。 总部:3950 RCA BoulevardSuite 5012棕榈滩花园,FL, 33410美国职业找工作机会? 看职位空缺职位Facebook Linkedin Twitter Instagram Youtube版权所有©2022,条款和条件公司对我们团队合作伙伴产品遗留Draganflyer指挥官2重要情报Quantix Mapper混合垂直起降无人机载荷和传感器软件超重激光雷达指挥官3 XL项目和概念服务定制工程培训飞行服务数据服务喷涂服务产业所有产业农业能源军方和政府公共安全保险平台搜救无人机医疗反应无人机远程无人驾驶侦察机新闻投资者联系我们的未来无人机监视节省时间,金钱,和生活。 短程无人机监视经历了显著的关注由于其低成本和效率。 远程无人机监视超越视觉的视线(BVLOS)现在在地平线上,将放大成本节约资源和时间花在收集数据。 下载免费白皮书本网站使用cookie来提高用户体验。 通过使用我们的网站,您同意所有与根据我们的曲奇饼干的政策。 无人驾驶飞机的未来交付一个世界范围内对无人机硬件和服务的需求从来没有更大的。 从紧急医疗运送到农业管理; 社区、政府和企业使用无人驾驶飞机将看到巨大的经济增长和超过2028。 下载免费的白皮书"
BMT secures patent for autonomous drone system, BMT保护专利自主无人机系统,https://www.australiandefence.com.au/defence/unmanned/bmt-secures-patent-for-autonomous-drone-system,"15 thg 3, 2023 — BMT has been granted a patent by the UK Intellectual Property Office for a concept called 'BMT SPARROW', an autonomous 'air-ground payload ..."," 15 thg 3, 2023 - BMT已经被授予英国知识产权局专利的一个概念叫做“BMT麻雀”,一个自治的空中负载……"," BMT secures patent for autonomous drone system - Australian Defence Magazine Home News Latest Land Air Sea Joint Cyber + Space C4I + EW Business Simulation Unmanned Estate Budget + Policy General Sponsored ADM ADM Analysis Digital Editions Editorials Interviews Top 40 Top 20 SMEs Premium Podcasts Guide Defence Industry Guide Events ADM Events All Events Event reporting Awards Advertise Australian Defence Magazine Defence Industry Guide Defence Skilling Guide Awards Women in Defence Awards 2023 30 under 30 Awards Essington Lewis Awards 2022 Essington Lewis Awards 2021 Essington Lewis Awards 2020 Essington Lewis Awards 2019 Search Search Search Sign In / User Profile BMT has been granted a new patent by the UK Intellectual Property Office for an autonomous device for delivery drones. (BMT) Close× BMT secures patent for autonomous drone system 15 March 2023 Comments Comments BMT has been granted a patent by the UK Intellectual Property Office for a concept called ‘BMT SPARROW’, an autonomous ‘air-ground payload transfer device’ for drone delivery applications. “Our patent signals a new type of suspended robotic device: a device that takes over responsibility for the final moments of payload delivery, and better suited to challenging and sensitive environments,"" Phil Metcalfe, Regional Business Director for UK and Europe, said. ""This small, highly-ruggedised robotic device could even autonomously collect packages as well as deliver them without the need for infrastructure on the ground. “With the development of this autonomous and highly-versatile concept the project team have delivered a great example of how we actively apply our innovation to solve our customers’ complex problems. “Further, we were super excited to participate in the British Army’s “Army Warfighting Experiment” (AWE) 23, with our rugged technology demonstrating the potential to feed into the army’s plans for a future 'digital backbone'.” With SPARROW, BMT say they have addressed the inherent problem of large, noisy, and potentially hazardous delivery drones having to land or hover low over the payload destination, potentially close to people in unpredictable, sensitive and cluttered environments. SPARROW is fundamentally different to winch systems commonly used in current trials for delivery drones, the company said. On a winch, the payload swinging at the bottom end of a line is raised or lowered by the cable drum attached to the underside of the fuselage, and moved horizontally by subtle movements of the drone above. This provides poor control of the payload, especially in windy conditions and limits the maximum height of the drone. In comparison, SPARROW is located at the bottom end of the line with the payload with its own power, sensors and actuators; it has autonomous control of its descent using an internal drum, while making 'precise and immediate' horizontal adjustments to counter wind effects using 4 small, quiet pusher fans. SPARROW takes responsibility of the delivery, reportedly allowing the larger delivery drone to remain much higher at the destination, relatively unheard and unobtrusive at ground level. Being much smaller than the drone and without the need for powerful, lift-generating rotors, BMT says SPARROW is perfect for safe, precise and quiet delivery in challenging or sensitive environments. “During 30 years of working in aerospace, I have not seen anything like the surge in new aircraft, systems, and applications that has happened in the last five years,"" BMT's development partner, Dr Steve Wright from Wright Airborne Computing, commented. ""BMT SPARROW is a perfect example of this revolution, fuelled by a happy convergence of 21st century technologies harnessed together by computers and software that engineers like me could only dream about 30 years ago.” Please enable JavaScript to view the comments powered by Disqus. comments powered by Disqus Newsletter Signup Free registration to the ADM Today email newsletter: Latest Comments Subscribe Stay informed with the latest in the business of defence. Subscribe to ADM Premium. Subscribe ADM's Defence Industry Guide is published in print edition every 6 months. Subscribe Learn Membership subscription Contact Us Advertise with Australian Defence Magazine Advertise with the Defence Industry Guide About Us Privacy Policy Terms & Conditions Mobile Site Connect Twitter LinkedIn Youtube We acknowledge the Traditional Custodians of country throughout Australia and their connections to land, sea and community. We pay our respect to Elders past and present and extend that respect to all Aboriginal and Torres Strait Islander peoples. Yaffa Daemon"," BMT保护专利自主无人机系统——澳大利亚国防杂志最新国内新闻陆地空气海洋联合网络+空间C4I +电子战商业模拟无人房地产预算+政策一般赞助ADM ADM分析电子版社论采访前40名前20名中小企业溢价播客指导国防工业指导事件ADM事件所有事件事件报告奖澳大利亚防务杂志宣传国防工业指导国防斯奇林指导国防奖2023年30 30岁以下的女性奖Essington刘易斯奖2022 Essington刘易斯奖2021 Essington刘易斯奖2020 Essington刘易斯奖2019搜索搜索搜索登录/用户概要BMT被授予一项新的英国知识产权局专利,由一个独立的设备交付无人机。 (BMT)关闭×BMT保护专利自主无人机系统2023年3月15日评论评论BMT已经被授予英国知识产权局专利的一个概念叫做“BMT麻雀”,自主无人机的空中载荷转移设备交付应用程序。 “我们的专利信号的新型悬浮机械设备:设备接管负责载荷传递的最后时刻,更适合具有挑战性的和敏感的环境中,”菲尔·梅特卡夫说,英国和欧洲地区业务主管。 “这小,highly-ruggedised机器人装置甚至可以自动收集包以及交付他们不需要基础设施在地上。 “随着这个自治和多用途的概念的发展项目团队带来了一个很好的例子,我们如何积极运用创新来解决客户的复杂问题。 “进一步,我们是超级兴奋参加英国军队的“军队作战实验”(AWE) 23日与我们的技术演示可能给军队的未来“数字骨干”的计划。 “麻雀,BMT说他们已经解决的固有问题大,噪音大,和有潜在危险的交付无人机不得不土地或悬停在负载低的目的地,可能接近的人不可预测的,敏感的和杂乱的环境。 麻雀是根本不同的绞车系统常用在当前试验交付无人机,该公司表示。 绞车,底部的载荷摆动的线是由电缆鼓上调或下调的机身底部的,水平和移动上面的无人机的微妙的动作。 这提供了可怜的有效负载的控制,特别是在有风的条件和限制了无人机的最大高度。 相比之下,麻雀位于的低端的载荷有自己的权力,传感器和致动器; 自主控制其使用内部鼓下降,同时使准确和即时水平调整计数器使用4小风影响,安静的推杆式风扇。 麻雀负责交付,据报道,允许更大的无人机保持更高的交付目的地,相对闻所未闻,在地面不引人注目的。 远小于无人机和不需要强大,lift-generating转子,BMT说麻雀是完美的安全、精确、挑战或敏感环境中安静的交付。 ”在航天30年的工作期间,我没有见过像新飞机的激增,系统和应用程序在过去的五年里,发生了“BMT的发展伙伴,史蒂夫•赖特从莱特机载计算博士评论说。 “BMT麻雀是一个很好的例子革命,推动下一个快乐的21世纪技术的融合利用由像我这样的电脑和软件工程师梦寐以求大约30年前。 “请启用JavaScript, Disqus查看评论。 评论时事通讯增加了由Disqus注册免费登记今天的ADM电子邮件时事通讯:最新评论订阅消息灵通的最新业务的辩护。 订阅ADM溢价。 订阅ADM的国防工业指南发表在印刷版上6个月一次。 订阅学习会员订阅联系我们宣传与澳大利亚国防与国防工业指南杂志广告对我们隐私政策条款和条件手机网站连接Twitter LinkedIn Youtube我们承认国家的传统托管人在澳大利亚和他们联系土地,海洋和社区。 我们支付尊重长者过去和现在和扩展,对所有原住民和托雷斯海峡岛民。 房地产守护进程"
CAV Systems files patent for drone ice protection solution, 骑兵无人机冰保护系统文件的专利解决方案,https://www.airport-technology.com/news/cav-systems-files-patent-for-drone-ice-protection-solution/,"21 thg 3, 2023 — CAV Systems files patent for drone ice protection solution. The UK firm has filed for a patent for its anti-icing solution for drones."," 21 thg 3, 2023骑兵无人机冰保护系统文件的专利解决方案。 英国公司已经申请专利的防冰无人机的解决方案。"," CAV Systems files patent for drone ice protection solution - Airport Technology AT Menu Search Sections Home News Analysis Features Comment Projects Sectors Airports Air Traffic Control Business & Regulation Facilities Ground Handling Security Technology Themes Artificial Intelligence Cloud Corporate Governance Cybersecurity Environmental Sustainability Internet of Things Robotics Social Responsibility Insights Deals Jobs Filings Patents Social Media Companies Company A-Z Company Categories Products & Services Company Releases White Papers Videos Buyer’s Guides Partner Content Events Reports Premium Insights Excellence Awards Magazine GlobalData About Us Advertise With Us Contact Us Our Marketing Solutions GlobalData Reports Visit GlobalData From Our Partners Future Space Technology News Analysis Sections Features Comment Projects LatestHow the aviation industry can tap into the benefits of blockchain Could Doncaster Airport reinvent itself as a low-carbon aviation tech hub? The critical need to democratise data in airports Sectors Sections Airports Air Traffic Control Business & Regulation Facilities Ground Handling Security Technology LatestSabre to integrate Google’s emissions data into flight search toolChennai International Airport’s New Integrated Terminal Building (T2), IndiaQantas selects Brisbane and Melbourne for Engineering Academy Themes Sections Artificial Intelligence Cloud Corporate Governance Cybersecurity Environmental Sustainability Internet of Things Robotics Social Responsibility LatestSabre to integrate Google’s emissions data into flight search toolAir France-KLM maintenance branch inducts first GTF engineHow the aviation industry can tap into the benefits of blockchain Insights Sections Deals Jobs Filings Patents Social Media LatestChina Airlines orders 17 GE enginesMSC in “ongoing negotiations” over AlisCargo purchaseAmadeus invests into SAF with minority Caphenia stake Companies Sections Company A-Z Company Categories Products & Services Company Releases White Papers Videos Buyer’s Guides Partner Content LatestEmergency HF communications equipment in action in the CaribbeanWhy ballistic and protection steels are ideal for military or civil applicationsEmergency communications where they are needed most: Bringing HF radio to the Caribbean Events Reports Premium Insights AT Company News March 21, 2023 CAV Systems files patent for drone ice protection solution The UK firm has filed for a patent for its anti-icing solution for drones By Peter Nilson Peter Nilson @NilsonMuntz CAV Ice Protection, a global supplier of airborne ice protection solutions, has filed for a patent for an anti-icing solution for small uncrewed aerial systems (sUAS) that it claims could revolutionise commercial drone use in cold climates. Engineers at the County Durham-based manufacturer, which is part of the CAV Systems Group, have designed a concept ice protection system (IPS) that prevents ice from building up on the rotor blades of a drone or sUAS. Recommended ReportsReportsInternet of Things in Railway: Electrodynamic braking system GlobalData ReportsInnovation in Ship: Anti-fouling Ship Hull Coatings GlobalData View allCompanies IntelligenceCav SystemsView all With the rise in popularity of small uncrewed aircraft and drones, ensuring that flight operations aren’t impacted by poor weather conditions is crucial – especially as the market is changing from being centred on hobbyists and the defence industry to wider sectors, such as medical, retail and logistics. “This is an industry first, nobody has previously demonstrated an ice protection system that works for this size of aircraft, and we’re not aware that anybody else is working on one,” said Alex Baty, CAV Systems VP of Engineering. “Our testing has seen the effects of icing on a propeller will cause a 50% reduction in lift generation after just three minutes, which underlines the impact that icing can have on sUAS.” CAV Systems’ solution works by distributing freezing-point depressant fluid across the leading edges of a carbon-fibre blade that is typical to smaller aircraft. Testing of the system began with a single 18” diameter motor and propeller assembly and progressed to an Octocopter. Further tests using models with and without the IPS in an icing wind tunnel to simulate freezing conditions also secured positive results. During these tests, the application of the CAV IPS reduced lift of the model by as little as 10% with small changes to power, compared to the build-up of ice causing a 50% reduction of lift and doubling of electrical power consumption without the ice protection in place. A live icing flight test is scheduled to commence in March in Colorado in association with a major regulatory body. Share this article Recommended Reports Reports Internet of Things in Railway: Electrodynamic braking system GlobalData Reports Innovation in Ship: Anti-fouling Ship Hull Coatings GlobalData View all Companies Intelligence Cav Systems View all
 Peter Nilson @NilsonMuntz Peter Nilson is the editor of Future Rail, Airport Industry Review, and Ship Technology Global. He was previously the editor of the Just Food and Just Drinks digital magazines. He enjoys long walks on the beach and talking about the weather. More Relevant Contract News Voliro partners with MFE to transform inspection processes with new drone Company News London Stansted chooses Samotics system to improve baggage handling News Etihad cargo launches AI solutions to boost operations Partner Content Why ballistic and protection steels are ideal for military or civil applications Sign up for our daily news round-up! Give your business an edge with our leading industry insights. Give your business an edge with our leading industry insights. close close Sign up to the newsletter Your corporate email address * First name * Last name * Company name * Job title * Daily Newsletter Digital Magazine I consent to Verdict Media Limited collecting my details provided via this form in accordance with Privacy Policy Subscribe Thank you for subscribing View all newsletters from across the GlobalData Media network. close The leading site for news and procurement in the airport industry About us Аdvertise with us License our content Contact us Editorial approach Newsletters Our marketing solutions Privacy policy Terms and conditions Sitemap Powered by  © Verdict Media Limited 2023 Lost Password Back ⟶ Login Register Get new password Lost Password? Login Registration is disabled."," 骑兵无人机冰保护系统文件专利技术解决方案——机场菜单搜索部分国内新闻分析特性评论项目机场空中交通管制部门业务和监管设施地面处理人工智能云安全技术主题的公司治理网络安全环境可持续发展物联网机器人社会责任见解交易工作申请专利社交媒体公司公司a - z公司类别产品&服务公司发布白皮书视频买方指导伙伴内容事件报告溢价见解卓越奖杂志GlobalData与我们联系我们关于我们广告营销解决方案GlobalData报告从我们的合作伙伴访问GlobalData未来空间技术新闻分析的部分功能注释项目LatestHow航空业可以利用区块链所带来的好处可能唐卡斯特机场改造自己,成为低碳航空技术中心? The critical need to democratise data in airports Sectors Sections Airports Air Traffic Control Business & Regulation Facilities Ground Handling Security Technology LatestSabre to integrate Google’s emissions data into flight search toolChennai International Airport’s New Integrated Terminal Building (T2), IndiaQantas selects Brisbane and Melbourne for Engineering Academy Themes Sections Artificial Intelligence Cloud Corporate Governance Cybersecurity Environmental Sustainability Internet of Things Robotics Social Responsibility LatestSabre to integrate Google’s emissions data into flight search toolAir France-KLM maintenance branch inducts first GTF engineHow the aviation industry can tap into the benefits of blockchain Insights Sections Deals Jobs Filings Patents Social Media LatestChina Airlines orders 17 GE enginesMSC in “ongoing negotiations” over AlisCargo purchaseAmadeus invests into SAF with minority Caphenia stake Companies Sections Company A-Z Company Categories Products & Services Company Releases White Papers Videos Buyer’s Guides Partner Content LatestEmergency HF communications equipment in action in the CaribbeanWhy ballistic and protection steels are ideal for military or civil applicationsEmergency communications where they are needed most: Bringing HF radio to the Caribbean Events Reports Premium Insights AT Company News March 21, 2023 CAV Systems files patent for drone ice protection solution The UK firm has filed for a patent for its anti-icing solution for drones By Peter Nilson Peter Nilson @NilsonMuntz CAV Ice Protection, a global supplier of airborne ice protection solutions, has filed for a patent for an anti-icing solution for small uncrewed aerial systems (sUAS) that it claims could revolutionise commercial drone use in cold climates.  工程师在县Durham-based制造商,骑兵系统集团的一部分,设计了一个概念冰保护系统(IPS),防止冰的转子叶片上建立无人机或为。 推荐ReportsReportsInternet铁路的事情:电动制动系统GlobalData ReportsInnovation船:防污船体涂料GlobalData视图allCompanies IntelligenceCav SystemsView所有的流行的小“飞机和无人机,确保航班运营不受恶劣天气的影响条件是至关重要的,特别是随着市场变化从集中在爱好者和国防工业广泛的领域,如医疗、零售和物流。 “这是一个行业第一,没有人曾展示了一个冰保护系统适用于这个尺寸的飞机,我们不知道别人正在一个,”亚历克斯Baty表示,骑兵系统工程副总裁。 “我们的测试已经结冰的影响螺旋桨将导致减少50%提升一代只有三分钟后,突显了结冰的影响可以为。 “骑兵系统解决方案是通过分发冰点镇静剂流体在碳纤维叶片的前缘,是典型的小型飞机。 测试的系统始于一个18”发动机和螺旋桨直径Octocopter装配和进展。 进一步测试使用模型有或没有的IPS结冰风洞模拟严寒也获得积极的结果。 在这些测试中,骑兵IPS的应用模型的升力降低了10%,小的变化,而冰的累积导致50%减少升力和翻倍的电力消费没有冰保护到位。 现场结冰飞行试验计划于3月开始在科罗拉多州与一个主要的监管机构。 分享这篇文章推荐报告报告物联网在铁路:电动制动系统GlobalData报道创新船舶:防污船体涂料GlobalData视图所有公司情报骑兵系统视图
 彼得·尼尔森@NilsonMuntz彼得•尼尔森是未来铁路的编辑机场行业审查,和船舶技术全球。 他以前只是食物和饮料的编辑电子杂志。 他喜欢长在海滩上散步,谈论天气。 更相关的合同新闻Voliro伙伴与MFE将检验流程与新的无人机公司新闻伦敦斯坦斯特德选择Samotics系统改善行李处理新闻阿提哈德航空货物发射人工智能解决方案来提高业务伙伴内容弹道和保护钢为什么适合军事或民用应用程序注册我们的每日新闻聚集! 给你的业务与我们的领先优势行业的见解。 给你的业务与我们的领先优势行业的见解。 亲亲签署的通讯公司电子邮件地址* *姓名*公司名称*职位*每日通讯数码杂志我同意判决媒体收集有限的细节通过这种形式按照提供的隐私政策订阅谢谢你查看所有订阅通讯来自GlobalData媒体网络。 关闭机场行业领先的网站新闻和采购联系我们关于我们和我们Аdvertise许可证内容编辑方法通讯营销解决方案隐私政策条款和条件的网站地图由©判决媒体有限2023丢失密码⟶登录注册获取新密码丢失密码? 登录注册是禁用的。"
Search International and National Patent Collections - WIPO, 搜索集合——世界知识产权组织国际和国家专利,https://patentscope.wipo.int/search/en/result.jsf;jsessionid=822AE661FC8148C49DEBBEDF441AB95A.wapp1nC?currentNavigationRow=7&prevCurrentNavigationRow=1&query=FP%3A(drone)&office=&sortOption=&prevFilter=&maxRec=290&viewOption=All&listLengthOption=10,Embodiment includes of a method and a system of network based operation of an unmanned aerial vehicle is disclosed. One system includes a drone user machine ..., 体现包括方法和基于网络的操作系统的无人机披露。 一个系统包含一个无人驾驶飞机用户机……, WIPO - Search International and National Patent Collections Processing  Please wait...  Go to page Initializing...  # - , 世界知识产权组织——搜索国际和国家专利收集处理请稍等… 去页面初始化…… # - - - - - -
Search International and National Patent Collections - WIPO, 搜索集合——世界知识产权组织国际和国家专利,https://patentscope.wipo.int/search/en/result.jsf;jsessionid=822AE661FC8148C49DEBBEDF441AB95A.wapp1nC?currentNavigationRow=7&prevCurrentNavigationRow=1&query=FP%3A(drone)&office=&sortOption=&prevFilter=&maxRec=290&viewOption=All&listLengthOption=10,Embodiment includes of a method and a system of network based operation of an unmanned aerial vehicle is disclosed. One system includes a drone user machine ..., 体现包括方法和基于网络的操作系统的无人机披露。 一个系统包含一个无人驾驶飞机用户机……, WIPO - Search International and National Patent Collections Processing  Please wait...  Go to page Initializing...  # - , 世界知识产权组织——搜索国际和国家专利收集处理请稍等… 去页面初始化…… # - - - - - -
